city,mhhi,revtotal,exputility,expdebtservice,exptransportation,expgov,exppubsafety,expother,exptotal,pcrevtotal,pcexputility,pcexpdebt,pcexptransportation,pcexpgov,pcexppubsafety,pcexpother,pcexptotal,citypop,latitude,longitude,pop11,pop12,tarea,popden10,mhhi12,poverty12,hs12,crinc11,crinc12,mage12
ABERDEEN,35281,9530654,2439403,375386,722811,806947,4614712,899328,9858587,1467,376,58,111,124,711,138,1518,6495,35.138489,-79.427696,6102,6311,8.63,746.200012,34026,12.2,87.099998,345,380,38.700001
AHOSKIE,27038,11880994,4240045,1217534,481631,1150360,2823581,2465122,12378273,2433,868,249,99,236,578,505,2535,4883,36.286442,-76.986427,5064,5074,4.31,1170.199951,27344,28.700001,71.400002,330,303,38.5
ALAMANCE,84250,700481,215894,0,13377,116582,2000,61744,409597,718,221,0,14,120,2,63,420,975,36.027672,-79.488861,848,807,0.76,1260.300049,84432,3.5,91.300003,,,43.299999
ALBEMARLE,34391,55730524,36198104,2004846,1061280,1493541,6208346,7422505,54388622,3476,2258,125,66,93,387,463,3393,16032,35.35836,-80.195259,15919,15913,16.879999,949.900024,34059,21.700001,77.099998,882,1032,37.799999
ALLIANCE,45240,65163,0,0,32642,25120,6600,38586,102948,84,0,0,42,32,9,50,133,774,35.143131,-76.815331,1014,888,2.09,372,45588,10.2,82.400002,,,39.700001
ANGIER,43004,6341566,1168078,348538,671017,584698,887674,757000,4417005,1411,260,78,149,130,197,168,983,4495,35.508591,-78.737488,4239,4349,2.94,1496,43368,11.4,81.099998,176,,35.299999
APEX,86782,80802880,35325076,3196457,3887164,4464490,14614298,8422328,69909813,2088,913,83,100,115,378,218,1807,38691,35.731949,-78.852867,36049,37589,15.43,2437.899902,89398,2.1,96.099998,616,590,34
ARAPAHOE,36250,22302,0,0,4591,12457,0,1000,18048,40,0,0,8,22,0,2,32,562,35.025909,-76.828857,480,466,2.17,256.100006,41875,14.8,85.300003,,,47.900002
ARCHDALE,50743,13082178,2410712,1530503,951322,3303193,2324826,1874417,12394973,1130,208,132,82,285,201,162,1071,11576,35.903999,-79.96608,11060,11205,8.24,1389.800049,51332,9.6,83,363,301,40
ARCHER LODGE,61125,925736,0,27265,77,191232,175248,5699,399521,211,0,6,0,44,40,1,91,4393,35.69389,-78.375832,4178,4271,9.31,462.600006,56316,7.3,84.900002,,,33.099998
ASHEBORO,37720,35298527,9177924,2250417,3471319,2541235,10473547,7871493,35785935,1391,362,89,137,100,413,310,1411,25371,35.71521,-79.813004,24799,25109,18.620001,1349.599976,31856,25.4,74.400002,1865,1875,33.5
ASHEVILLE,40863,165461859,26483495,10397101,26963140,13375470,44534912,33135763,154889881,1939,310,122,316,157,522,388,1815,85339,35.37986,-82.555809,82823,83796,45.23,1855.900024,42333,20.200001,89.5,4393,5333,37.900002
ASKEWVILLE,48796,130213,59069,0,25429,21628,1793,15493,123412,549,249,0,107,91,8,65,521,237,36.113041,-79.940422,245,242,0.49,492.799988,51555,1.7,89.199997,,,46.900002
ATKINSON,27098,2383086,0,1822164,490,32081,163175,62077,2079987,7813,0,5974,2,105,535,204,6820,305,34.527729,-78.169907,320,322,0.99,302.100006,27473,6.5,92.5,,,43.900002
ATLANTIC BEACH,45156,6729622,908207,554712,469745,1139634,2992322,769110,6833730,4469,603,368,312,757,1987,511,4538,1506,34.700451,-76.740807,1702,1687,2.67,642.900024,41061,17,95.099998,227,150,50.400002
AULANDER,24063,981892,176631,33231,177023,214152,117347,87278,805662,1117,201,38,201,244,134,99,917,879,36.228458,-77.111702,656,781,1.48,605.900024,29375,24.200001,87.099998,14,46,40.099998
AUTRYVILLE,12237,228166,75400,15254,73548,40248,8274,52012,264736,1164,385,78,375,205,42,265,1351,196,34.9991,-78.640266,334,549,0.52,378.200012,20690,62.5,50.400002,,,24
AYDEN,27976,20241392,14414947,388461,599288,1115002,1334546,2459844,20312088,4071,2899,78,121,224,268,495,4085,4972,35.47097,-77.420738,4924,4942,3.49,1413.800049,29509,23.299999,75.599998,249,246,40
BADIN,28500,768074,0,0,154025,164154,312650,21351,652180,387,0,0,78,83,158,11,329,1985,35.404671,-80.115837,1799,1406,1.81,1088.900024,29519,12.5,71,,,43.400002
BAILEY,32813,936914,231638,167504,19328,102230,162441,355581,1038722,1652,409,295,34,180,286,627,1832,567,35.780281,-78.115623,772,657,0.7,810.599976,34417,21.5,79.800003,14,21,45.299999
BAKERSVILLE,18214,504519,92639,58989,47628,87248,151242,10028,447774,1087,200,127,103,188,326,22,965,464,36.014,-82.155693,483,479,0.75,620.299988,18077,46.799999,57.799999,,,37.5
BALD HEAD ISLAND,91667,14876740,1425810,3566643,47556,1284933,2030734,4554412,12910088,92980,8911,22292,297,8031,12692,28465,80688,160,33.861881,-77.990143,100,138,5.77,40.900002,94625,6.5,100,,,61.900002
BANNER ELK,35880,2223278,466536,91991,238123,379958,756246,259867,2192721,2019,424,84,216,345,687,236,1992,1101,36.159561,-81.871651,1184,1144,1.89,544.900024,50526,17.4,98.5,40,44,22.4
BAYBORO,36161,288910,0,0,84785,112714,0,69800,267299,229,0,0,67,89,0,55,212,1262,35.144299,-76.770752,1566,1326,1.86,681.700012,33203,13.8,78.099998,,,39.099998
BEAR GRASS,54167,57470,0,0,500,65584,0,0,66084,798,0,0,7,911,0,0,918,72,35.765991,-77.129463,121,110,0.27,274.899994,55000,3.6,91.800003,,,40.799999
BEAUFORT,29574,7887639,1678032,1547361,1106378,1063679,2369921,-1450283,6315088,1931,411,379,271,260,580,-355,1546,4084,34.72073,-76.652573,4019,4046,5.62,874.200012,28750,28.5,86.300003,176,183,44.5
BEECH MOUNTAIN,57850,7630769,4420587,775854,1347557,805077,1486762,748283,9584120,23698,13729,2409,4185,2500,4617,2324,29764,322,36.206379,-81.883118,656,606,6.67,48,49875,11.4,99.199997,,18,56.099998
BELHAVEN,18377,5909583,3190252,272302,210643,1422424,782091,579443,6457155,3511,1896,162,125,845,465,344,3837,1683,35.542931,-76.623283,2033,1889,2.09,1061.800049,18179,42.299999,71.400002,58,69,42.900002
BELMONT,50547,13356635,3674700,1354451,1115494,1200310,4057882,1680924,13083761,1319,363,134,110,119,401,166,1292,10127,35.244499,-81.035652,9970,10156,10.11,1014.299988,56030,9.9,87,488,460,36.799999
BELVILLE,62079,746800,0,0,115929,376016,25000,35353,552298,378,0,0,59,190,13,18,280,1975,34.219189,-77.995399,2185,2272,1.85,1171.5,63180,6,94.400002,,,34.099998
BELWOOD,39643,47610,0,0,0,23944,166,21807,45917,50,0,0,0,25,0,23,48,951,35.480942,-81.514236,1289,1208,12.31,77.199997,39286,31.1,76.099998,,,36.200001
BENSON,27585,10176093,6311455,217653,327578,1014827,1080670,1039229,9991412,3050,1892,65,98,304,324,312,2995,3336,35.382271,-78.546204,3305,3346,2.79,1189,22247,45.400002,65.900002,304,304,44.599998
BERMUDA RUN,80179,2312930,363647,234890,305950,388942,510720,190890,1995039,1332,209,135,176,224,294,110,1149,1736,35.998562,-80.431374,1748,1836,1.71,1042.900024,81705,5.6,96.099998,,,62.5
BESSEMER CITY,32388,8357081,4531099,592082,769519,438953,958651,2048918,9339222,1559,845,110,144,82,179,382,1742,5360,35.28426,-81.282852,5349,5372,4.83,1114.900024,35718,18.6,82.099998,,,38.299999
BETHANIA,63750,202512,0,0,14596,123960,5060,35539,179155,616,0,0,44,377,15,108,545,329,36.184422,-80.334793,296,308,0.69,477.399994,59500,7.8,93.300003,,,53.400002
BETHEL,26224,4924978,792510,438094,118209,251533,331029,217055,2148430,3107,500,276,75,159,209,137,1355,1585,35.806919,-77.376892,1324,1557,1.06,1491.400024,27652,33.599998,75.800003,,64,41.400002
BEULAVILLE,30216,1948519,657176,244940,155266,221412,332746,186813,1798353,1491,503,187,119,169,255,143,1376,1307,34.923531,-77.774063,1745,1783,1.52,853.700012,28233,28.5,81,48,55,43
BILTMORE FOREST,138194,3935010,342300,513521,670792,373205,1852194,57290,3809302,2874,250,375,490,273,1353,42,2783,1369,35.53788,-82.539879,1570,1433,2.91,461.299988,143750,3.1,99.400002,,14,54.200001
BISCOE,30500,2378866,737795,0,273242,407378,752837,136960,2308212,1386,430,0,159,237,439,80,1345,1716,35.360451,-79.780281,2122,2243,2.27,749.599976,26417,38.799999,62.700001,208,212,29.700001
BLACK MOUNTAIN,37500,8246508,1431169,470456,801787,1203305,2844461,1314139,8065317,1030,179,59,100,150,355,164,1007,8007,35.619209,-82.325432,7857,7885,6.72,1171,38125,13.5,88.400002,172,176,45.599998
BLADENBORO,19534,2532467,363209,130047,332242,350318,492498,304747,1973061,1455,209,75,191,201,283,175,1134,1740,34.540459,-78.792938,2101,2126,2.22,790,19736,42.400002,67.099998,,99,38.799999
BLOWING ROCK,47167,7051979,1457219,1152716,1339333,710709,1413668,912340,6985985,5651,1168,924,1073,569,1133,731,5598,1248,36.129662,-81.672569,1072,1179,3.04,413.700012,48125,12.9,94.300003,45,42,60.299999
BOARDMAN,44583,71103,29199,0,4890,35544,0,4500,74133,456,187,0,31,228,0,29,475,156,34.439789,-78.948486,190,149,3.09,51.099998,50625,30.200001,74.199997,,,47.599998
BOGUE,63125,134738,0,0,24094,94850,0,0,118944,191,0,0,34,134,0,0,168,707,34.699108,-77.036774,792,776,3,247.300003,64659,5.7,87.699997,,,39.599998
BOILING SPRING LAKES,44924,2789181,44884,306921,548058,690563,715336,1412128,3717890,503,8,55,99,125,129,255,671,5540,34.03849,-78.053902,5190,5329,23.99,230.600006,45944,15.7,90.099998,93,101,40.799999
BOILING SPRINGS,59625,3388669,1190531,259602,242438,370251,620524,584773,3268119,727,256,56,52,79,133,126,702,4658,35.251751,-81.664291,4558,4605,4.45,1043.599976,61921,5.9,89.300003,61,48,23
BOLIVIA,56875,67309,0,0,4745,24417,0,0,29162,467,0,0,33,170,0,0,203,144,34.069118,-78.147758,164,157,0.64,224.699997,38750,32.5,77.800003,,,24.5
BOLTON,20909,706860,120703,9250,47002,168344,193485,93508,632292,1023,175,13,68,244,280,135,915,691,34.320099,-78.404907,740,800,3.75,184.100006,22273,37.900002,86.099998,,,30.5
BOONE,18668,20873579,4261825,1099763,2004171,4842509,5553425,426686,18188379,1176,240,62,113,273,313,24,1025,17751,36.211361,-81.668663,16836,17261,6.15,2792.800049,16447,57.5,94.5,438,435,21.299999
BOONVILLE,32667,1059295,439693,11000,176139,166195,308647,132699,1234373,865,359,9,144,136,252,108,1008,1224,36.233341,-80.707863,1589,1553,1.24,987.299988,28264,18.1,71.5,,,46.400002
BOSTIC,31250,785049,334790,55630,2716,63512,53759,43785,554192,2013,858,143,7,163,138,112,1421,390,35.36235,-81.834373,327,390,0.93,413.899994,33333,12.6,79.099998,,,42.599998
BREVARD,37854,13400842,4874153,407041,879013,2757947,2862676,1298626,13079456,1750,637,53,115,360,374,170,1708,7656,35.241631,-82.728699,7534,7566,5.12,1486,35625,15.7,88.5,251,279,45.599998
BRIDGETON,52708,782149,149252,39476,42702,202253,175831,94000,703514,1689,322,85,92,437,380,203,1519,463,35.122559,-77.021317,318,291,1.53,297.600006,49107,7.9,78.599998,,,48.099998
BROADWAY,63964,1232728,235781,77102,70208,371339,280743,118271,1153444,984,188,62,56,296,224,94,921,1253,35.458279,-79.053207,1440,1509,1.33,948.900024,57000,25,88.199997,,,40.099998
BROOKFORD,31300,344044,0,0,72175,146979,68689,10490,298333,901,0,0,189,385,180,27,781,382,35.70348,-81.346786,645,470,0.62,633.700012,30536,29.6,67.400002,,,35.900002
BRUNSWICK,21667,542171,88500,12665,40865,189087,69804,47250,448171,484,79,11,36,169,62,42,400,1120,34.29282,-78.706932,1332,1362,0.42,2658.199951,17232,48.099998,69.400002,,,33.400002
BRYSON CITY,35850,4112857,1048181,182221,86216,277352,512836,222839,2329645,2831,721,125,59,191,353,153,1603,1453,35.426979,-83.447678,1667,1701,2.29,652.099976,42125,19.5,78.699997,98,89,41.400002
BUNN,40000,1159774,762406,2250,7052,64068,277754,39202,1152732,3371,2216,7,21,186,807,114,3351,344,35.958111,-78.251984,499,530,0.54,637.5,37344,7.9,82.800003,39,36,33.200001
BURGAW,48578,7905580,1978950,3218462,493235,712590,1141514,796447,8341198,2013,504,819,126,181,291,203,2124,3928,34.55051,-77.926079,3863,3892,5.47,709.099976,34323,33,77.300003,108,112,39.799999
BURLINGTON,42097,76195377,22150529,8790586,2255314,8030918,20870488,9401498,71499333,1506,438,174,45,159,413,186,1413,50587,36.089642,-79.44558,49590,50355,25.379999,1985.099976,38183,21.9,80.800003,4074,3198,38.599998
BURNSVILLE,31136,4770511,2401028,142029,247554,375974,712632,207801,4087018,2782,1400,83,144,219,416,121,2383,1715,35.918541,-82.297546,2282,1972,1.58,1074.099976,24839,28.9,80.300003,105,94,43.400002
BUTNER,42474,6263236,0,260400,272059,1210485,1782959,2917215,6443118,816,0,34,35,158,232,380,840,7672,36.138302,-78.758827,7516,7566,13.95,544.900024,44510,13.4,84.099998,328,257,40.5
CALABASH,33264,1072327,0,0,244192,436458,125726,229518,1035894,590,0,0,134,240,69,126,570,1816,33.89262,-78.566544,1987,2052,3.68,535.599976,31208,27.4,73.5,,,50.5
CALYPSO,32583,559706,190719,12751,95413,67246,43208,68890,478227,1029,351,23,175,124,79,127,879,544,35.154572,-78.104721,708,681,0.99,545.099976,33798,25,68.900002,,,33.5
CAMERON,37426,302202,60982,10813,45461,71574,90425,13606,292861,1046,211,37,157,248,313,47,1013,289,35.326099,-79.253159,429,369,1.22,232.800003,37500,19,83.599998,,,47.200001
CANDOR,33333,1143514,363206,0,93148,207100,289316,155977,1108747,1348,428,0,110,244,341,184,1307,848,35.29303,-79.742416,941,762,1.6,524.299988,37500,24.700001,69,,,41.5
CANTON,38520,7197183,1293882,407457,1198037,1010709,2093407,568522,6572014,1690,304,96,281,237,492,133,1543,4259,35.534828,-82.837433,4241,4210,3.77,1119.699951,36089,13.1,82.599998,245,234,42.200001
CAPE CARTERET,62546,1327483,0,36800,228838,169526,431433,405271,1271868,674,0,19,116,86,219,206,646,1969,34.694481,-77.059128,1950,1962,2.67,771.099976,60227,6.2,93.300003,28,44,48.200001
CAROLINA SHORES,50364,1483841,0,0,529652,377688,167754,176537,1251631,477,0,0,170,121,54,57,402,3113,33.899158,-78.578072,2961,3207,2.56,1192.300049,49777,6.9,95.800003,,,64.400002
CARRBORO,43276,19074068,0,1360087,1981847,3831144,6161520,4564365,17898963,958,0,68,100,192,310,229,899,19905,35.920422,-79.083931,19367,19702,6.49,3030.300049,45159,16.1,91.300003,754,657,30.700001
CARTHAGE,33083,3226578,878193,240869,370871,634271,1380246,-227870,3276580,1451,395,108,167,285,621,-102,1473,2224,35.329441,-79.408478,1506,1874,6.35,349.399994,33684,23.200001,85.300003,89,98,42.799999
CARY,91997,230998867,98171698,26059972,15862859,31559893,46816476,46503324,264974222,1660,705,187,114,227,336,334,1904,139169,35.778919,-78.800209,131631,136627,55.439999,2488.399902,91349,5.7,95.099998,2201,2024,36.599998
CASAR,20294,41155,0,0,0,10823,0,27283,38106,139,0,0,0,36,0,92,128,297,35.514481,-81.615997,420,410,1.75,169.699997,19728,43.400002,70.199997,,,35
CASWELL BEACH,78500,3132679,2043318,0,1800,405237,391448,210184,3051987,7697,5020,0,4,996,962,516,7499,407,33.90361,-78.060638,507,486,4.05,135.899994,73594,2.9,98.900002,,,62.900002
CATAWBA,42656,652165,0,57760,122839,230774,657733,87670,1156776,1076,0,95,203,381,1085,145,1909,606,35.70985,-81.075737,573,598,3.99,153.5,52000,8.4,85.599998,15,12,40.599998
CEDAR POINT,58125,788126,0,0,162587,285766,73540,175863,697756,596,0,0,123,216,56,133,527,1323,34.68557,-77.082367,1291,1511,2.2,581.700012,71591,2.6,90.800003,,,48.200001
CEDAR ROCK,113750,161237,0,0,44527,28198,11400,27906,112031,539,0,0,149,94,38,93,375,299,35.944691,-81.464142,326,338,1.17,256.700012,120625,0.6,97.900002,,,59.900002
CENTERVILLE,70417,4281,0,0,2966,2691,0,0,5657,48,0,0,33,30,0,0,64,89,36.184978,-78.111252,78,65,0.28,315.399994,71000,0,76,,,42.299999
CERRO GORDO,33125,139231,42422,0,1073,70068,0,14315,127878,683,208,0,5,343,0,70,627,204,34.322182,-78.928101,172,174,0.75,276,31607,19.5,80.400002,,,29.5
CHADBOURN,15847,2770513,957237,171637,141487,252615,623205,534923,2681104,1505,520,93,77,137,339,291,1456,1841,34.322369,-78.825821,2273,2015,2.63,704.700012,19348,32.799999,72.099998,172,229,34.900002
CHAPEL HILL,58415,95284502,1730083,7754179,25686113,11678856,20134995,23242330,90226556,1650,30,134,445,202,349,402,1562,57757,35.925919,-79.039467,56289,57088,21.27,2710,59793,22.700001,94.099998,1629,1580,25.299999
CHARLOTTE,53146,1648608000,275451000,350216000,448858000,110478000,357671000,167435000,1710109000,2192,366,466,597,147,476,223,2274,751999,35.207191,-80.829224,722234,740931,299.670013,2457.100098,52916,16,88,36795,37825,33.400002
CHERRYVILLE,40536,11769393,7039152,734091,320407,624194,2099277,787732,11604853,2038,1219,127,55,108,364,136,2009,5775,35.381168,-81.379189,5747,5765,5.5,1048.900024,42214,11.2,80.400002,269,272,41.099998
CHIMNEY ROCK,36964,200287,35259,11481,6637,68755,15756,43112,181000,1757,309,101,58,603,138,378,1588,114,35.440701,-82.25264,174,147,3.15,35.900002,45625,5.4,93.599998,,,53.5
CHINA GROVE,37097,3675683,0,709199,97093,1780657,1124300,1516152,5227401,883,0,170,23,428,270,364,1256,4162,35.57029,-80.577927,3586,3943,2.12,1677.599976,37982,22.200001,75.900002,102,108,38.400002
CHOCOWINITY,35000,1490972,646545,189552,42291,295680,190244,34855,1399166,1814,787,231,51,360,231,42,1702,822,35.515789,-77.100517,833,922,1.01,814.200012,31842,28.1,81.599998,,,36.900002
CLARKTON,24318,1572026,445715,3460,342654,201204,51017,23650,1067700,1887,535,4,411,242,61,28,1282,833,34.489429,-78.656807,821,838,1.25,672.700012,16875,39.599998,85.199997,,,48.099998
CLAYTON,53101,38839290,16832026,4083158,2655055,2654886,7316594,5499641,39041360,2363,1024,248,162,162,445,335,2375,16437,35.64716,-78.450867,15417,16078,13.53,1192.800049,61218,10.9,93.5,420,417,34.599998
CLEMMONS,67629,5655244,577260,0,1653903,818756,838350,1413033,5301302,300,31,0,88,43,45,75,282,18829,36.02523,-80.386414,18409,18680,12.02,1577.300049,65344,8.9,93.5,,,40.599998
CLEVELAND,40250,1576457,317608,48271,21106,339655,354991,99838,1181469,1810,365,55,24,390,408,115,1356,871,35.731022,-80.678963,770,872,1.55,561.900024,39875,15.7,80.5,30,24,41.900002
CLINTON,33347,15173860,3257921,1243435,1456874,1199641,3263356,4198822,14620049,1759,378,144,169,139,378,487,1695,8627,35.002419,-78.328796,8599,8640,7.7,1125.599976,34184,25.5,81,526,510,42.900002
CLYDE,36298,1602741,683725,23503,192467,259453,318662,3370,1481180,1302,555,19,156,211,259,3,1203,1231,35.53302,-82.91169,997,1013,0.88,1390.099976,34722,25.9,78.300003,,,37.5
COATS,29145,1582600,285451,36758,224512,310307,352446,238508,1447982,730,132,17,104,143,163,110,668,2167,35.406368,-78.669594,2319,2325,1.43,1473.199951,30547,26.4,70.699997,96,86,38.099998
COFIELD,36818,493277,342782,13918,43196,144968,13470,34953,593287,1227,853,35,107,361,34,87,1476,402,36.35743,-76.908669,331,314,3.14,131.5,38125,22.1,80.099998,,,50.799999
COLERAIN,37188,399730,43926,0,20877,240817,6104,24984,336708,1999,220,0,104,1204,31,125,1684,200,36.201141,-76.768051,176,185,0.26,776,48750,9.2,88.699997,,,45.900002
COLUMBIA,25050,1945500,474439,65866,126936,326437,122766,34246,1150690,2275,555,77,148,382,144,40,1346,855,35.9179,-76.249687,1020,979,1.22,740.299988,29375,28.799999,65.800003,,,41.799999
COLUMBUS,35000,2169639,642213,122460,46339,201696,633845,60970,1707523,2200,651,124,47,205,643,62,1732,986,35.250671,-82.202118,1209,1516,3.56,280.799988,39250,14.5,78.199997,41,17,36.099998
COMO,11750,29453,0,0,0,23072,0,0,23072,331,0,0,0,259,0,0,259,89,36.49987,-77.014603,153,110,3.15,28.9,46250,34.5,92.599998,,,32.599998
CONCORD,52549,211576394,93017069,35676401,18970977,4663342,32650172,26772858,211750819,2632,1157,444,236,58,406,333,2634,80386,35.404339,-80.600471,77413,79171,60.299999,1311.900024,53387,12.5,85.300003,3204,,35.599998
CONOVER,47682,14488373,2558792,779717,1214098,1348551,3324824,4054499,13280481,1765,312,95,148,164,405,494,1618,8207,35.711231,-81.219597,8035,8118,10.92,749.400024,45720,12.5,83.400002,627,589,37.700001
CONWAY,38587,1149706,252858,9166,325901,202297,144468,20115,954805,1387,305,11,393,244,174,24,1152,829,36.437691,-77.226784,1130,1124,1.82,458.399994,29583,31.200001,77.699997,,,34.099998
COOLEEMEE,27143,533848,0,0,73799,151503,268271,91869,585442,554,0,0,77,157,278,95,607,964,35.81451,-80.556183,810,914,0.78,1269.400024,28098,40.799999,70.900002,,,37.299999
CORNELIUS,79572,25614223,6426472,3110986,1668765,1756493,7633358,3763987,24360061,998,250,121,65,68,297,147,949,25671,35.478951,-80.884529,23969,24818,12.38,2058.399902,83147,7.9,94,793,675,37.799999
COVE CITY,51563,455859,314654,18088,22853,49667,0,49000,454262,1140,787,45,57,124,0,123,1136,400,35.187599,-77.321404,554,527,0.64,625.700012,40833,8.9,84.5,,,36.900002
CRAMERTON,68659,5796364,46173,36438,424946,1398835,2306367,2180323,6393082,1376,11,9,101,332,547,517,1517,4214,35.236721,-81.073936,4046,4139,3.98,1130.5,60472,8,88.099998,128,111,42.200001
CREEDMOOR,66042,10099308,7240086,557863,507980,1021890,1353253,2418134,13099206,2423,1737,134,122,245,325,580,3143,4168,36.123081,-78.68325,3961,4070,4.81,900.200012,62621,10.4,85.699997,123,95,32.299999
CRESWELL,45417,356084,149158,0,12847,98287,3000,73353,336645,1309,548,0,47,361,11,270,1238,272,35.87019,-76.393791,316,369,0.57,487.700012,50417,19.200001,87.400002,,,44
CROSSNORE,38011,210213,101662,0,18667,81424,0,0,201753,1078,521,0,96,418,0,0,1035,195,36.020432,-81.929153,240,206,0.45,428.799988,38977,6.1,95,,,23.700001
DALLAS,35625,11413104,7646401,104282,405252,332318,1207231,584755,10280239,2512,1683,23,89,73,266,129,2262,4544,35.314819,-81.175217,4432,4465,2.91,1543.099976,32761,13,84.699997,203,241,37.299999
DAVIDSON,83492,10606043,154467,781489,1203031,1245813,2366360,5043557,10794717,940,14,69,107,110,210,447,957,11283,35.491169,-80.832863,10544,10903,6,1902.900024,83730,6.4,97.5,115,,33.799999
DENTON,34000,2442596,944429,333635,329939,273276,483914,0,2365193,1501,580,205,203,168,297,0,1454,1627,35.632751,-80.111603,1603,1713,1.99,826.5,33017,19.6,76,,,40.599998
DILLSBORO,35357,183121,0,28188,27219,50086,14157,20134,139784,793,0,122,118,217,61,87,605,231,35.369671,-83.251106,202,220,0.48,486.600006,36000,11.8,87.5,,,51.400002
DOBBINS HEIGHTS,16827,308943,0,24987,28401,165510,22000,47998,288896,358,0,29,33,192,25,56,335,863,34.903389,-79.691223,799,674,0.88,982,19821,31.700001,72.5,,,31.799999
DOBSON,33663,2578897,1013439,81391,105926,312898,461037,215612,2190303,1620,637,51,67,197,290,135,1376,1592,36.391701,-80.721123,1950,1652,1.97,809,27946,32.900002,70.900002,50,46,36.200001
DORTCHES,50529,311538,80448,0,0,76084,64000,0,220532,329,85,0,0,80,68,0,233,948,36.011292,-77.858101,913,919,7.84,119.199997,51473,8.3,86.400002,,,43.900002
DREXEL,36397,3583427,2680488,76843,261784,132812,405617,381710,3939254,1928,1442,41,141,71,218,205,2119,1859,35.757141,-81.606712,1675,1759,1.36,1362.599976,39196,18.1,84.699997,28,27,38.5
DUBLIN,31771,507363,133934,28480,10251,86262,118368,29810,407105,1492,394,84,30,254,348,88,1197,340,34.655811,-78.724854,266,298,0.44,776.700012,31016,10.4,86.599998,,,32.299999
DUCK,71838,5836464,0,804526,89785,1238576,1889920,1525169,5547976,15689,0,2163,241,3330,5080,4100,14914,372,36.169609,-75.755188,406,449,3.72,152.699997,70938,2.9,96.199997,137,,64.099998
DUNN,28196,17565366,5915388,1027050,3000894,1354600,4115616,1640892,17054440,1862,627,109,318,144,436,174,1808,9433,35.31036,-78.610832,9278,9310,6.47,1431,31627,24.6,78.300003,,,41.5
DURHAM,47394,393171540,54562836,74580249,55206276,46602023,87737829,59642445,378331658,1697,235,322,238,201,379,257,1633,231730,35.98864,-78.907173,224930,229963,108.279999,2126.600098,48241,19.4,86.599998,12977,11989,32.099998
EARL,34375,47280,0,0,15723,15140,0,20211,51074,181,0,0,60,58,0,77,196,261,35.195469,-81.53466,222,262,0.86,301.899994,38750,26,87.400002,,,38.700001
EAST ARCADIA,14107,195521,70762,5000,26265,111372,0,0,213399,403,146,10,54,230,0,0,440,485,34.381519,-78.321609,395,432,2.18,223.199997,16786,50.299999,76.300003,,,20.200001
EAST BEND,34375,540754,167788,0,44681,102231,124559,47152,486411,885,275,0,73,167,204,77,796,611,36.217468,-80.509064,572,524,1.3,474.399994,32500,19.299999,82.400002,,,42.799999
EAST LAURINBURG,30417,90786,0,0,25153,34908,0,18093,78154,307,0,0,85,118,0,61,264,296,34.768959,-79.444763,401,373,0.19,1584,27333,39.400002,65.900002,,,36.400002
EASTOVER,51842,1528294,0,0,12873,955001,383557,193959,1545390,416,0,0,4,260,104,53,421,3674,35.09528,-78.786552,3606,3640,11.34,320.299988,48004,9.1,86.199997,,,50.900002
EAST SPENCER,21438,2055803,704629,120898,278535,340489,497528,117208,2059287,1347,462,79,183,223,326,77,1349,1526,35.682781,-80.431267,1679,1538,1.6,958.799988,18942,49.5,81.900002,,,35.700001
EDEN,29932,21916296,4775166,943456,2167152,741993,5770072,5506872,19904711,1417,309,61,140,48,373,356,1287,15468,36.506439,-79.745087,15557,15488,13.63,1152.699951,29934,23.6,75.599998,814,735,40.799999
EDENTON,22798,18854014,14150444,122336,1709173,606396,1860089,1448219,19896657,3766,2826,24,341,121,371,289,3974,5007,36.061859,-76.605766,5069,5037,5.57,931.799988,27854,31.299999,71.800003,267,279,42.700001
ELIZABETH CITY,32303,63525007,43812458,2604812,3154101,2143585,9388919,3903520,65007395,3416,2356,140,170,115,505,210,3496,18597,36.295589,-76.224953,18764,18645,12.25,1606.900024,33000,28.200001,79,845,,31.5
ELIZABETHTOWN,18451,6547997,1081652,368822,794926,1636366,1592925,717571,6192262,1830,302,103,222,457,445,201,1731,3578,34.62569,-78.612267,3592,3616,4.68,770.900024,18010,31.9,79.699997,267,,45.700001
ELKIN,30676,4953825,736292,121360,760222,972151,1486275,7854440,11930740,1241,184,30,190,243,372,1967,2988,3993,36.25771,-80.851303,4131,4118,6.71,603.200012,34819,11.3,73.800003,303,307,40.799999
ELK PARK,27969,457524,232855,17480,80612,96105,38834,0,465886,1017,517,39,179,214,86,0,1035,450,36.15836,-81.981087,418,343,0.69,654.5,25000,24.799999,75,,,36.799999
ELLENBORO,30486,800343,483121,1625,28587,93075,0,48966,655374,906,547,2,32,105,0,55,742,883,35.329689,-81.758957,665,706,1.27,690,30054,22.4,90.599998,,,34.799999
ELLERBE,30256,1533955,395734,39045,121116,148230,237013,87764,1028902,1457,376,37,115,141,225,83,977,1053,35.072128,-79.761803,1164,1395,1.48,714.400024,28405,44.200001,76.099998,,,28.9
ELM CITY,33375,1777067,645021,77402,127240,284405,134689,204333,1473090,1336,485,58,96,214,101,154,1108,1330,35.807732,-77.86216,1573,1559,0.77,1677,30398,25.799999,74.699997,,,40.799999
ELON,49542,8023196,2492296,42628,1547216,1055862,2614165,299475,8051642,827,257,4,159,109,269,31,830,9703,36.09713,-79.5121,9164,9354,3.93,2424.399902,49554,19.799999,92.099998,166,101,21.799999
EMERALD ISLE,62337,9776136,0,1558929,171022,1188781,3305686,4006406,10230824,2634,0,420,46,320,891,1080,2757,3711,34.666988,-77.013481,3639,3649,5.08,732.400024,59750,8.6,94.800003,337,299,52.400002
ENFIELD,21329,8000617,5038998,221719,0,399899,867054,774932,7302602,3171,1997,88,0,159,344,307,2894,2523,36.17984,-77.668777,2543,2541,1.22,2078.800049,23013,42.900002,64,167,147,39.299999
ERWIN,35815,3106413,0,447305,78664,720153,1019412,1225754,3491288,693,0,100,18,161,227,273,779,4483,35.322842,-78.671997,4406,4432,4.23,1051.199951,36713,16.799999,81.199997,174,155,40.900002
EVERETTS,40089,119250,93891,0,36624,24944,5700,5413,166572,741,583,0,227,155,35,34,1035,161,35.833481,-77.171478,131,109,0.45,362.799988,42500,15.6,81.699997,,,54
FAIR BLUFF,12432,1049717,235027,32532,96445,321813,240289,85526,1011632,1113,249,34,102,341,255,91,1073,943,34.311211,-79.032387,836,852,2.15,443.399994,23882,34.900002,76.5,,,54.700001
FAIRMONT,19899,2919583,832998,243564,249889,327550,875230,364545,2893776,1098,313,92,94,123,329,137,1089,2658,34.498001,-79.114723,2656,2672,2.77,964.299988,19375,50.400002,76.599998,297,239,34.599998
FAIRVIEW,72854,279456,0,0,0,77720,60000,258856,396576,82,0,0,0,23,18,76,117,3392,35.519909,-82.409073,3357,3384,30.280001,111.099998,75361,4.4,92.400002,,,42
FAISON,39750,1424280,590476,23821,33037,227576,247676,187661,1310247,1455,603,24,34,232,253,192,1338,979,35.11573,-78.140167,1261,1159,0.78,1225.699951,38500,24.5,75.099998,,,34.599998
FAITH,54926,1188108,196868,93545,14495,164170,715185,58191,1242454,1469,243,116,18,203,884,72,1536,809,35.5868,-80.461159,910,806,1.07,751.599976,53462,11.8,82.599998,,,43.200001
FALCON,70556,272265,145611,0,85630,63652,15708,5476,316077,873,467,0,274,204,50,18,1013,312,35.19252,-78.648514,288,336,1.21,213.199997,42188,2.2,83.400002,,,34.5
FALKLAND,24219,44221,0,0,730,25521,0,27619,53870,461,0,0,8,266,0,288,561,96,35.69558,-77.513298,99,108,0.25,391.100006,23281,36.099998,77.699997,,,55.5
FALLSTON,38077,270332,182594,0,6250,60877,0,15300,265021,445,301,0,10,100,0,25,437,607,35.427212,-81.501801,628,616,2.17,280.899994,37361,3,80.699997,,,40.400002
FARMVILLE,26893,15905411,11745229,1346068,453346,743526,1489399,1339458,17117026,3397,2509,287,97,159,318,286,3656,4682,35.59425,-77.587128,4659,4677,3.36,1383.599976,29601,29.4,82.400002,251,224,39.400002
FAYETTEVILLE,44266,451084677,280106412,30514113,36412429,23195630,71371559,33225407,474825550,2169,1347,147,175,112,343,160,2283,207996,35.066662,-78.91758,200105,200439,147.710007,1375.199951,44756,17,90.800003,14022,14349,29.799999
FLAT ROCK,89536,1224905,0,0,0,309158,721796,37463,1068417,388,0,0,0,98,228,12,338,3159,36.508438,-80.579689,3090,3120,8.24,383.899994,75469,5.9,98.300003,,,62.599998
FLETCHER,44097,14799874,0,199805,906583,2231315,2023573,681807,6043083,2018,0,27,124,304,276,93,824,7335,35.432838,-82.506653,6917,7089,6.49,1121,44985,8.9,88.5,176,195,38.099998
FOREST CITY,23444,22298072,11799303,281238,1239489,1831019,3721104,3009577,21881730,2972,1573,37,165,244,496,401,2917,7502,35.331131,-81.87011,7466,7480,8.34,896.299988,25343,35.099998,68.900002,662,616,40.599998
FOUNTAIN,21518,1248156,787467,5725,141123,90049,178746,38941,1242051,2896,1827,13,327,209,415,90,2882,431,35.673641,-77.638962,617,561,0.93,459.200012,20298,25.299999,62.799999,,,45.5
FOUR OAKS,33203,2008957,788068,59349,235878,212018,386452,129520,1811285,1034,406,31,121,109,199,67,932,1943,35.447281,-78.426163,1945,2115,1.63,1183.599976,29352,32.099998,73.300003,,69,38.599998
FOXFIRE VILLAGE,56354,1050801,129706,298890,87571,162709,289164,48527,1016567,1142,141,325,95,177,314,53,1105,920,35.17564,-79.572853,1002,1058,6.68,136.199997,54464,4.4,96.599998,,,50.700001
FRANKLIN,28287,9509660,5980899,837770,652240,756893,2043857,368540,10640199,2446,1538,215,168,195,526,95,2737,3888,35.181141,-83.381683,3864,3883,4.27,918.900024,32955,25.299999,82.400002,220,304,38.799999
FRANKLINTON,28583,2695569,1121525,329046,195079,376720,561380,210119,2793869,1330,553,162,96,186,277,104,1378,2027,36.102631,-78.453163,1906,1914,1.6,1262.300049,28688,32.299999,69.5,99,87,39.599998
FRANKLINVILLE,31492,1155807,494388,12238,214147,189181,56906,86991,1053851,987,422,10,183,162,49,74,900,1171,35.744308,-79.691566,1264,1319,1.65,715.200012,31840,30.200001,63.200001,,,29.9
FREMONT,26563,3512888,2606919,122449,82013,220156,348220,158532,3538289,2795,2074,97,65,175,277,126,2815,1257,35.543072,-77.974792,1354,1232,1.36,922.5,29048,26.5,70.800003,,,47.400002
FUQUAY-VARINA,62859,26017713,3946006,3335001,2561818,2857733,6872437,3377339,22950334,1396,212,179,137,153,369,181,1231,18638,35.591969,-78.78875,17074,18143,12.15,1483.599976,59263,10.5,91.300003,740,646,33.900002
GAMEWELL,30231,842935,46527,0,688,96278,0,590395,733888,208,11,0,0,24,0,146,181,4049,35.868679,-81.592857,4028,4029,8.12,499.100006,30365,14,75.599998,,,39.099998
GARLAND,17399,738226,190561,18037,120379,134488,92442,95436,651343,1177,304,29,192,214,147,152,1039,627,34.78783,-78.394791,802,769,1.08,580.799988,16875,49.400002,62.5,,,34.799999
GARNER,60894,26650104,3038000,1271794,4858541,4509557,9554280,5331719,28563891,1012,115,48,184,171,363,202,1084,26342,35.698238,-78.622864,25198,25784,14.8,1745.800049,61705,7.5,91.800003,1240,1290,37.200001
GARYSBURG,19948,576156,0,58347,125970,165316,163678,71204,584515,553,0,56,121,159,157,68,561,1042,36.449848,-77.55983,1179,1205,0.94,1120.300049,20800,35.799999,68.199997,,55,48.200001
GASTONIA,39427,165293415,89282746,7386040,13080206,5560485,26706437,15046191,157062105,2290,1237,102,181,77,370,208,2176,72173,35.255219,-81.180252,71409,71865,50.73,1420.5,40918,21.4,80.400002,4829,4702,36.799999
GIBSON,17455,347112,119078,0,12028,138089,20940,49755,339890,655,225,0,23,261,40,94,641,530,34.760311,-79.607353,397,454,0.98,552,16063,41.400002,77.5,,,35.700001
GIBSONVILLE,62580,7793277,2328500,222370,748056,855525,1539291,2061105,7754847,1204,360,34,116,132,238,319,1198,6471,36.102631,-79.539078,6255,6377,3.5,1834.099976,57841,8.8,93,140,155,37.299999
GLEN ALPINE,45455,862538,15981,24793,37228,102217,430101,188421,798741,568,11,16,25,67,283,124,526,1519,35.727718,-81.782333,1517,1555,2.15,706.599976,48676,10.9,81.900002,,,37.5
GOLDSBORO,35384,54827979,10770771,7247164,4550392,3476600,15912814,14163078,56120819,1534,301,203,127,97,445,396,1570,35749,35.381962,-77.977966,36689,36738,28.16,1294.800049,35338,24.6,84.699997,2998,2669,34.900002
GOLDSTON,51250,136517,0,213412,28753,33587,0,63771,339523,511,0,799,108,126,0,239,1272,267,35.59248,-79.329613,260,227,0.79,340.700012,45357,11,84.800003,,,50.200001
GRAHAM,39300,15519528,4097759,1390244,1152588,1904749,4022177,2354238,14921755,1091,288,98,81,134,283,165,1049,14229,36.064491,-79.397942,14078,14152,9.68,1471.599976,40939,21,77.099998,572,651,36.799999
GRANDFATHER VILLAGE,85625,36591,0,0,0,33241,0,13026,46267,1464,0,0,0,1330,0,521,1851,25,36.100521,-81.850151,100,85,1.53,16.9,89500,0,100,,,69
GRANITE FALLS,41466,12685588,8276584,243164,556376,456985,1419822,843804,11796735,2697,1760,52,118,97,302,179,2508,4703,35.80035,-81.43293,4710,4703,5.24,908.799988,45577,14.3,79.900002,370,300,41.400002
GRANITE QUARRY,51172,2097219,0,50247,488823,366372,818059,204136,1927637,711,0,17,166,124,277,69,653,2950,35.6129,-80.444351,2855,2893,2.87,1022.099976,47690,13.4,92.599998,124,,38.299999
GRANTSBORO,40526,51172,0,0,0,37921,0,0,37921,74,0,0,0,55,0,0,55,695,35.140442,-76.842438,644,749,3.85,178.5,34444,18.700001,77.5,,,42.200001
GREENEVERS,28813,392959,192016,9400,9759,93528,15453,47537,367693,615,300,15,15,146,24,74,575,639,34.821419,-77.927307,922,866,1.57,404.200012,30950,39.799999,74.5,,,31.799999
GREENSBORO,41973,427111858,115258800,50845097,43585113,30132186,114583053,145402336,499806585,1569,423,187,160,111,421,534,1836,272190,36.079868,-79.819412,267095,270619,131.800003,2131.5,41556,18.799999,87.400002,,13619,33.900002
GREENVILLE,34134,348937379,231053451,17812846,11580119,14005199,38642836,23717591,336812042,4102,2716,209,136,165,454,279,3960,85059,35.601608,-77.372368,82576,84445,35.360001,2443.300049,34399,30.4,89.300003,,4300,26.1
GRIFTON,38500,2692949,849216,11608,285301,792670,442000,212918,2593713,1022,322,4,108,301,168,81,984,2636,35.37513,-77.433861,2733,2510,2.05,1279,34399,24,89.5,,,46.599998
GRIMESLAND,32500,546687,331934,17745,13607,158456,0,25899,547641,1226,744,40,31,355,0,58,1228,446,35.563351,-77.190903,581,595,0.68,652.200012,31875,36.099998,71.5,,,43
HALIFAX,33558,387253,130201,2075,187157,58885,11000,6090,395408,1648,554,9,796,251,47,26,1683,235,36.3284,-77.590729,300,328,0.46,512.299988,54219,4.7,91.599998,,,37.400002
HAMLET,33340,7490180,1883140,372004,709121,1036611,2111721,1092751,7205348,1150,289,57,109,159,324,168,1106,6515,34.887939,-79.7062,6454,6554,5.35,1233.900024,33379,23.299999,76.900002,433,474,38.400002
HARMONY,46136,315540,107576,24000,43521,154715,0,16800,346612,591,201,45,82,290,0,31,649,534,35.96159,-80.773949,615,669,1.36,391.399994,48542,11.4,76.699997,,,41.599998
HARRELLS,21786,114455,0,0,26619,50598,1467,34472,113156,567,0,0,132,250,7,171,560,202,34.72929,-78.199188,175,142,3.15,64.099998,22500,26.799999,69,,,52.400002
HARRELLSVILLE,36875,168723,71894,25035,17213,25265,0,4427,143834,1638,698,243,167,245,0,43,1396,103,36.30389,-76.790077,145,131,0.29,365.299988,42292,14.5,90.199997,,,40.799999
HARRISBURG,78084,13751084,10569550,662087,354312,1051138,2959440,1875039,17471566,1053,809,51,27,80,227,144,1337,13064,35.3223,-80.653328,10915,11360,9.05,1273.400024,81294,5.9,97.400002,,,34.099998
HASSELL,33750,19356,0,0,500,14303,0,0,14803,230,0,0,6,170,0,0,176,84,35.907551,-77.278687,64,54,0.27,306.200012,35625,35.200001,95.599998,,,50.099998
HAVELOCK,46681,17098825,3342685,1517246,1456976,2453383,4888960,1794586,15453836,813,159,72,69,117,233,85,735,21022,34.88274,-76.909233,20666,20670,17.65,1230.699951,46907,16.200001,94.699997,,,23.5
HAW RIVER,35691,4500497,1321629,148937,136953,343783,964966,865119,3781387,1951,573,65,59,149,418,375,1639,2307,36.095329,-79.357841,2004,2386,2.84,820.400024,38188,18.799999,78.699997,105,78,34.700001
HAYESVILLE,24688,203621,0,14450,41896,89006,8333,48057,201742,655,0,46,135,286,27,155,649,311,35.046631,-83.817886,482,414,0.47,666.599976,26364,27.299999,79,,,53.099998
HENDERSON,27142,40343520,11768772,4895218,1359123,1634335,6244743,4407097,30309288,2626,766,319,88,106,406,287,1972,15366,36.324749,-78.408539,15451,15389,8.51,1807,26353,34.799999,70.300003,2033,1881,38.299999
HENDERSONVILLE,37714,27994131,15237192,2947569,3752372,2153295,6322638,2637781,33050847,2108,1148,222,283,162,476,199,2489,13278,35.320591,-82.461594,13051,13122,6.97,1892.900024,38849,21.9,81.5,862,890,43.5
HERTFORD,25273,5885643,3777635,790126,263811,219181,886945,154728,6092426,2739,1758,368,123,102,413,72,2835,2149,36.18729,-76.472343,1992,2117,2.88,750.400024,31875,26.200001,82,94,78,44.099998
HIGHLANDS,43073,11772147,5710727,181309,739660,1217229,1867852,1899653,11616430,12658,6141,195,795,1309,2008,2043,12491,930,35.054131,-83.202347,1016,1041,6.15,153.800003,49167,12.9,95.599998,52,58,60.299999
HIGH POINT,44020,297363078,260105691,28296586,19961620,11105148,46989632,32159231,398617908,2819,2466,268,189,105,445,305,3779,105493,35.970539,-79.997513,102858,104394,55.450001,1939.900024,44367,20.4,85.099998,5657,4973,35.5
HILDEBRAN,27614,1146195,272881,29937,39433,618097,60329,614742,1635419,570,136,15,20,308,30,306,814,2010,35.71843,-81.418777,1402,1746,2.87,704.200012,32140,22.299999,70.099998,,,42
HILLSBOROUGH,52411,16213209,5912719,382022,886117,920856,3971908,1459241,13532863,2599,948,61,142,148,637,234,2169,6239,36.074791,-79.104179,6036,6114,5.4,1141.800049,48720,22.299999,86,490,485,36.299999
HOBGOOD,27981,983948,658616,9236,53827,121418,20985,114177,978259,2836,1898,27,155,350,60,329,2819,347,36.026772,-77.398193,329,307,1.03,337,28636,17.299999,69.599998,,,41.900002
HOFFMAN,30667,232473,0,0,3876,139528,2500,145697,291601,397,0,0,7,239,4,249,498,585,35.03265,-79.549454,449,415,3.4,172.899994,20000,43.400002,73.599998,,,36.900002
HOLDEN BEACH,52206,7476937,2311594,1110944,274301,710099,869189,1525932,6802059,12847,3972,1909,471,1220,1493,2622,11687,582,33.915272,-78.286461,795,939,3.42,212.199997,67500,8.4,95.699997,110,180,57.900002
HOLLY RIDGE,33304,2228934,0,25923,774015,301106,1008640,146558,2256242,1723,0,20,598,233,779,113,1744,1294,34.491871,-77.553093,917,1012,3.77,336.600006,43750,12.3,87.199997,46,32,34.200001
HOLLY SPRINGS,89421,43917584,5569925,6640742,1131356,3816906,7137785,11137316,35434030,1718,218,260,44,149,279,436,1386,25567,35.654579,-78.824623,23316,24663,15.13,1642.699951,89187,3.6,96.099998,348,307,34.299999
HOOKERTON,23750,1985331,1058536,152272,30902,129737,10765,765390,2147602,4854,2588,372,76,317,26,1871,5251,409,35.423061,-77.590103,371,401,0.33,1258.300049,30833,30.4,71.900002,,,40.400002
HOPE MILLS,52002,11427064,265126,784299,1645327,1927646,4788065,2369930,11780393,739,17,51,106,125,310,153,762,15454,34.97068,-78.956596,14736,15139,7.04,2186,48750,12,89.900002,1039,1125,31.6
HOT SPRINGS,31181,517947,141663,31966,38173,207151,80133,19456,518542,910,249,56,67,364,141,34,911,569,35.89558,-82.831017,463,460,3.4,178.899994,25682,21.700001,59.599998,,,53.400002
HUDSON,50930,2315547,0,92274,491877,302955,706244,760740,2354090,605,0,24,128,79,184,199,615,3829,35.84547,-81.490334,3698,3731,3.73,1013,54077,10.3,86.699997,136,123,39.099998
HUNTERSVILLE,83360,52219454,12579737,3270481,8748852,1717651,15581661,7023606,48921988,1078,260,67,181,35,322,145,1009,48463,35.30954,-80.863617,45001,46656,39.77,1180.800049,85660,5.8,94.599998,1085,1136,34.799999
INDIAN BEACH,41736,1689298,0,59472,0,261061,936208,0,1256741,14818,0,522,0,2290,8212,0,11024,114,34.687908,-76.891487,116,121,1.48,200,44444,0,100,12,13,48.799999
INDIAN TRAIL,63619,10011838,804695,286325,922174,1370771,1362988,3074541,7821494,292,23,8,27,40,40,90,228,34308,35.06992,-80.654427,32030,33246,21.860001,1545.400024,65365,6.4,91.599998,,,33.099998
JACKSON,48750,550730,199794,4356,150847,125858,71474,0,552329,1093,396,9,299,250,142,0,1096,504,36.39032,-77.422203,674,687,1.01,507.899994,53977,8.9,82.099998,,,44.599998
JACKSONVILLE,42369,108379597,22149546,16187906,5651092,5178853,23599030,13396154,86162581,1453,297,217,76,69,316,180,1155,74610,34.759628,-77.409767,69656,69393,50.709999,1508.199951,43132,13.1,91.199997,2205,,23.1
JAMESTOWN,79889,6531199,2128716,137258,296048,687949,765714,1704578,5720263,1864,608,39,84,196,219,486,1632,3504,35.998219,-79.93573,3356,3422,2.9,1167.199951,81250,10.8,92.5,,,47.799999
JAMESVILLE,21250,367930,145714,0,31061,105905,15125,46756,344561,760,301,0,64,219,31,97,712,484,35.810661,-76.89782,412,402,1.39,352.299988,25729,50.5,65,,,41
JEFFERSON,21111,1907340,697703,25277,315393,243567,240602,74930,1597472,1197,438,16,198,153,151,47,1003,1593,36.419922,-81.468903,1499,1397,2.07,779.599976,21463,35.299999,69.900002,24,,54.299999
JONESVILLE,25282,3133100,675869,414823,314376,322811,676808,291539,2696226,1373,296,182,138,141,297,128,1182,2282,36.235592,-80.842232,2447,2663,2.85,806,22283,29.200001,68.800003,148,126,39
KANNAPOLIS,41645,56618717,11661894,8998666,4264743,7414221,12099773,18570490,63009787,1312,270,209,99,172,280,430,1461,43141,35.490589,-80.618347,42346,42845,32.5,1334.599976,40326,18.1,80.400002,,,35.200001
KELFORD,20625,77709,0,0,65786,28141,6500,22585,123012,316,0,0,267,114,26,92,500,246,36.18092,-77.221657,111,148,0.48,520.5,14896,29.700001,45.700001,,,52.700001
KENANSVILLE,40000,1326272,486783,65402,143518,166356,408988,851818,2122865,1553,570,77,168,195,479,997,2486,854,34.96212,-77.96566,1062,1113,2.12,403.200012,27375,26.4,80.900002,33,24,39.099998
KENLY,27625,2551879,888559,236379,148937,158935,537138,294711,2264659,1894,660,175,111,118,399,219,1681,1347,35.592972,-78.127357,1528,1389,1.62,827.900024,25847,41.599998,74.800003,,,34.200001
KERNERSVILLE,51583,26647225,619655,1189648,4590613,4170649,12262977,3905630,26739172,1120,26,50,193,175,516,164,1124,23782,36.116241,-80.081963,22816,23062,17.43,1334.900024,48425,13.8,89.199997,1163,1244,39.599998
KILL DEVIL HILLS,49885,16433402,2815152,685880,1327782,2804072,5061743,2734304,15428933,2435,417,102,197,415,750,405,2286,6750,36.025452,-75.670097,6662,6714,5.67,1189.599976,55098,6.8,95.800003,,465,39.400002
KING,50255,10246893,2821678,1032486,324026,1286255,3338628,736817,9539890,1477,407,149,47,185,481,106,1375,6937,36.273529,-80.353462,6674,6659,5.89,1182.699951,52305,12.1,87.5,195,314,42.5
KINGS MOUNTAIN,39797,31046068,18215053,295675,946131,1861967,3862087,3266297,28447210,2916,1711,28,89,175,363,307,2672,10646,35.244148,-81.342537,10593,10835,12.57,835.599976,40335,20.200001,82.300003,473,475,42.700001
KINGSTOWN,26875,257152,121346,32599,8312,53561,288,41320,257426,378,178,48,12,79,0,61,379,680,35.36211,-81.620049,806,934,1.76,386.799988,26339,35.299999,82,,,31.299999
KINSTON,26174,91477113,66743102,4076736,1492119,2210601,11416806,6402928,92342292,4240,3093,189,69,102,529,297,4280,21577,35.270679,-77.585129,21835,21746,18.52,1180.699951,28728,33.700001,76.400002,1703,1641,40.700001
KITTRELL,38750,34105,0,0,3200,19163,500,0,22863,70,0,0,7,39,1,0,47,488,36.22205,-78.441177,342,260,0.21,2230.600098,39583,13.1,88.199997,,,38.700001
KITTY HAWK,56334,6186068,0,281897,137839,1745151,2774797,1366794,6306478,1877,0,86,42,529,842,415,1913,3296,35.076969,-75.704803,3277,3283,8.28,403.299988,50933,11.3,92.800003,131,172,43.299999
KNIGHTDALE,75285,12760695,62898,3456064,1840872,1823906,3837400,2560474,13581614,1072,5,290,155,153,322,215,1141,11904,35.79055,-78.491982,10939,11567,6.22,1837.199951,70512,5.9,93.400002,455,479,30.799999
KURE BEACH,70599,5771110,1358912,433376,41562,413042,1450196,1218362,4915450,2814,663,211,20,201,707,594,2397,2051,33.997799,-77.908188,1731,1876,0.85,2391.5,73721,6.7,97.099998,,,51.400002
LA GRANGE,38354,7145445,5545451,206225,316008,181557,595056,320763,7165060,2491,1934,72,110,63,207,112,2498,2868,35.308578,-77.792107,2866,2876,2.31,1246.699951,28750,19.1,88.599998,,,44.400002
LAKE LURE,52604,5949722,1216978,289911,335448,903462,1327320,1665165,5738284,4925,1007,240,278,748,1099,1378,4750,1208,35.444672,-82.191254,1198,1201,14.59,89.099998,47614,13.9,93.099998,56,49,59.799999
LAKE PARK,68491,1071165,17003,0,218785,171262,144406,547901,1099357,308,5,0,63,49,42,158,316,3477,35.08548,-80.634033,3344,3436,0.81,4371.200195,68264,2.6,96.300003,,,38.599998
LAKE SANTEETLAH,70536,186773,54838,0,134714,110675,28428,0,328655,4151,1219,0,2994,2459,632,0,7303,45,35.363579,-83.864357,80,41,0.19,231.600006,71250,4.9,92.699997,,,65.300003
LAKE WACCAMAW,65987,1944175,584881,49783,115383,315610,348929,202817,1617403,1327,399,34,79,215,238,138,1104,1465,34.314999,-78.508713,1403,1347,3.52,421.100006,67667,19,83.300003,,,50
LANDIS,38038,9526275,6533391,487833,292849,202174,1175267,408835,9100349,3082,2114,158,95,65,380,132,2944,3091,35.546291,-80.610489,3113,3103,3.58,891.200012,38300,21.9,88.5,82,88,46.799999
LANSING,45250,269116,139177,5513,14789,59508,2500,67619,289106,1693,875,35,93,374,16,425,1818,159,36.499088,-81.509621,153,174,0.34,482.100006,31429,34.5,81.900002,,,36.200001
LASKER,21250,34761,200,0,4050,26950,0,0,31200,287,2,0,33,223,0,0,258,121,36.349892,-77.305283,133,119,1.12,109.099998,26944,18.5,81.099998,,,41.900002
LATTIMORE,44219,80225,20753,0,1900,39079,0,18223,79955,164,43,0,4,80,0,37,164,488,35.313061,-81.656967,394,423,1.03,476,42500,8.7,87,,,23.799999
LAUREL PARK,66447,2363546,317992,0,517227,467645,807786,137001,2247651,1074,145,0,235,213,367,62,1022,2200,35.314079,-82.497223,2400,2652,2.82,780.099976,69943,7.1,95.300003,12,22,61.400002
LAWNDALE,33693,420827,194653,0,49085,118556,48562,47930,458786,694,321,0,81,196,80,79,757,606,35.415039,-81.562248,621,723,0.86,753.099976,33158,19.200001,75.599998,,,39
LEGGETT,48355,25406,0,0,0,14615,0,3240,17855,423,0,0,0,244,0,54,298,60,35.992111,-77.579933,233,117,0.7,85.900002,49750,0,81.5,,,38.599998
LELAND,61324,20352391,1243768,1811354,279760,3166777,2842777,644370,9988806,1457,89,130,20,227,203,46,715,13973,34.23637,-78.019661,12761,13732,19.870001,683.799988,65625,7.9,92.099998,373,458,44.900002
LENOIR,30214,26305640,5515534,3196443,2834587,1663769,7802219,5120090,26132642,1452,304,176,156,92,431,283,1442,18123,35.90844,-81.530006,18219,18171,19.639999,928.099976,30287,23.700001,73.400002,919,986,41
LEWISTON-WOODVILLE,20164,490905,119220,4838,83407,73926,54429,75565,411385,911,221,9,155,137,101,140,763,539,36.118938,-77.182243,878,796,1.97,280.700012,19792,33.700001,79.300003,,,26.299999
LEWISVILLE,71166,4202130,107234,276076,1618822,823649,405408,989814,4221003,329,8,22,127,64,32,77,330,12774,36.098091,-80.416031,12611,12785,14.19,904.799988,69883,8.9,92.300003,,,44.299999
LEXINGTON,29522,87369137,61108166,3309425,2134439,3615850,10563908,5769727,86501515,4645,3249,176,113,192,562,307,4599,18808,35.816769,-80.258636,19082,19038,17.98,1053,28922,26.1,68.199997,822,672,38.099998
LIBERTY,42738,2837109,701612,51337,204592,359994,883645,542164,2743344,1061,262,19,77,135,330,203,1026,2674,35.852909,-79.571877,2677,2665,3.12,853.900024,43137,20.4,82.699997,31,35,39
LILESVILLE,30691,1628368,1194442,72173,5537,61412,243595,22670,1599829,3156,2315,140,11,119,472,44,3100,516,34.967098,-79.985657,656,661,0.99,539.700012,33162,18.9,68.300003,,,42.599998
LILLINGTON,30798,4762320,937384,50632,144919,803783,1040215,478826,3455759,1465,288,16,45,247,320,147,1063,3251,35.39859,-78.813499,3214,3248,4.59,700.5,31649,25.4,75.400002,209,176,40.400002
LINCOLNTON,33704,23652227,11912012,2791282,1359971,1165808,4485886,2261251,23976210,2249,1133,265,129,111,427,215,2280,10517,35.474159,-81.242813,10481,10536,8.68,1220.300049,31292,26.4,78.699997,610,596,38.599998
LINDEN,46563,364067,212383,23418,8270,30540,8875,16671,300157,2801,1634,180,64,235,68,128,2309,130,35.255482,-78.746742,113,118,0.51,257.200012,47813,7.6,60,,,47.5
LITTLETON,26250,1240176,316703,220797,98581,113909,219933,12739,982662,1846,471,329,147,170,327,19,1462,672,36.434212,-77.911682,688,559,0.96,701.299988,28421,27.4,74.900002,,,47.5
LONG VIEW,29638,4487882,1928271,462973,916741,775000,1204842,-136366,5151461,919,395,95,188,159,247,-28,1055,4882,35.726131,-81.383812,4903,4842,3.95,1237.300049,31015,20.6,70.400002,361,352,39
LOUISBURG,22444,13524250,9056326,-221839,529632,252937,2077646,730660,12425362,3961,2653,-65,155,74,609,214,3640,3414,36.10041,-78.299011,3354,3369,2.71,1240.5,25821,28.4,79.699997,161,147,42.099998
LOVE VALLEY,18125,70117,0,0,5022,30510,7981,10710,54223,621,0,0,44,270,71,95,480,113,35.98938,-80.988197,41,63,0.62,145.399994,35000,4.8,71.800003,,,37.799999
LOWELL,39658,2797768,840186,47410,454213,506360,769021,179763,2796953,785,236,13,127,142,216,50,785,3563,35.267349,-81.101212,3435,3495,2.67,1325,42829,14.6,80.300003,,,42.400002
LUCAMA,30000,3223049,2470049,1178,104553,66847,144852,12862,2800341,2896,2219,1,94,60,130,12,2516,1113,35.643681,-78.008331,1056,846,0.62,1785.699951,35509,32.299999,70.699997,,,39.599998
LUMBER BRIDGE,37813,53021,0,0,12751,37929,11843,0,62523,564,0,0,136,404,126,0,665,94,34.8904,-79.070686,90,90,0.68,140.300003,41250,18.9,75.900002,,,57.299999
LUMBERTON,33042,70448689,39173920,4044166,4901981,2640965,11816345,8022980,70600357,3261,1813,187,227,122,547,371,3268,21606,34.627239,-79.011948,21547,21595,17.969999,1203.900024,32383,29.700001,71.800003,3298,3702,35.5
MCADENVILLE,38333,1877155,348041,0,27785,178039,253400,917423,1724688,2866,531,0,42,272,387,1401,2633,655,35.26498,-81.080116,585,541,1.45,469.299988,43438,10.6,90.900002,,,45.599998
MACCLESFIELD,40429,1074016,671264,455,34029,72842,67008,102702,948300,2295,1434,1,73,156,143,219,2026,468,35.75164,-77.671677,467,427,0.52,910.099976,32500,16.4,78.800003,,,55.099998
MCDONALD,47250,30763,0,0,3275,30319,0,0,33594,272,0,0,29,268,0,0,297,113,34.553741,-79.176262,78,106,0.26,443,26818,15.1,90.599998,,,25.5
MCFARLAN,26838,30847,0,0,19193,34593,0,0,53786,273,0,0,170,306,0,0,476,113,34.814739,-79.976509,222,305,0.92,127.199997,26875,41.599998,66.300003,,,28.9
MACON,46902,55468,0,0,17439,26230,2200,4939,50808,466,0,0,147,220,18,42,427,119,36.438271,-78.08297,165,199,0.47,252.699997,48281,9,95.199997,,,47.799999
MADISON,39821,4619194,1078088,611690,479061,533455,1014014,465985,4182293,2060,481,273,214,238,452,208,1865,2242,36.386822,-79.969276,2259,2293,3.56,634.5,37277,28.200001,80.5,133,149,45.299999
MAGGIE VALLEY,48864,3245653,473107,498681,430806,428313,1024957,381673,3237537,2798,408,430,371,369,884,329,2791,1160,35.514431,-83.067017,1004,1110,3.18,362,50461,9.7,93.699997,,124,57.299999
MAGNOLIA,25257,809229,291047,22359,70789,188967,168933,114172,856267,853,307,24,75,199,178,120,902,949,34.895618,-78.055008,1390,1465,1.02,920.299988,28920,23,61.5,21,31,33.599998
MAIDEN,36720,12681266,6997291,24387,557832,1832115,1265306,702568,11379499,3774,2083,7,166,545,377,209,3387,3360,35.578869,-81.211861,3325,3326,5.59,599.200012,36087,19.299999,72.400002,141,127,43
MANTEO,34115,5848148,1590532,278295,3201,1146262,895811,1424376,5338477,4025,1095,192,2,789,617,980,3674,1453,35.904591,-75.669388,1717,1755,1.98,747.200012,37969,23.5,89.099998,,88,39.099998
MARIETTA,31250,34465,0,0,0,35038,0,0,35038,196,0,0,0,199,0,0,199,176,34.36824,-79.121246,179,112,1.12,156.600006,35156,39.299999,78.900002,,,52.099998
MARION,26675,9876175,4193263,278242,1586543,673808,2395254,896180,10023290,1211,514,34,194,83,294,110,1229,8158,35.683151,-82.005882,7973,7997,5.42,1454.699951,24775,36.700001,74.099998,543,584,34.400002
MARSHALL,19754,1567066,329946,66245,198129,282457,215684,40112,1132573,1779,375,75,225,321,245,46,1286,881,35.7999,-82.674789,1044,1039,3.98,231.800003,22674,28.5,80.199997,,,40.799999
MARS HILL,38919,2325541,1252099,99797,263684,424097,485560,149583,2674820,1181,636,51,134,215,247,76,1358,1969,35.828499,-82.547836,2098,2071,1.98,946.200012,40107,22.5,85.199997,57,72,27.1
MARSHVILLE,37153,2347760,900297,0,173233,358705,565625,307122,2304982,975,374,0,72,149,235,127,957,2409,34.988461,-80.367844,2224,2308,2.22,1085.300049,35037,30.1,68.5,133,117,36.799999
MARVIN,157297,971810,0,125172,372285,369696,72203,806426,1745782,168,0,22,64,64,12,139,301,5795,34.985371,-80.816788,5219,5484,5.94,947,160093,1.8,98.800003,,,34.400002
MATTHEWS,69577,21447354,0,3547867,3087344,2230648,8169869,6016806,23052534,769,0,127,111,80,293,216,827,27878,35.116852,-80.716408,27014,27516,17.190001,1589.599976,68608,6.6,94.300003,813,924,39.900002
MAXTON,25235,2525403,712549,62173,256610,145685,829481,543603,2550101,1044,295,26,106,60,343,225,1054,2419,34.738152,-79.351067,2758,2472,2.7,898.599976,18848,32.200001,77.599998,176,155,38.400002
MAYODAN,29182,4454565,2124723,155673,115762,348868,1040702,546749,4332477,1794,856,63,47,141,419,220,1745,2483,36.414089,-79.970848,2219,2270,2.9,861.599976,30513,20.5,79.099998,234,186,42.599998
MAYSVILLE,35547,841670,315584,13475,101416,195897,201940,53311,881623,813,305,13,98,189,195,52,852,1035,34.904579,-77.228973,1079,1058,0.7,1453.599976,33102,13.6,84,17,16,34.599998
MEBANE,51328,15860593,3778806,1711031,2094565,1651052,3872971,2325020,15433445,1357,323,146,179,141,331,199,1320,11688,36.095959,-79.270859,11069,11502,8.47,1363.300049,53369,13.4,90.099998,594,716,35.400002
MESIC,30990,56112,0,4956,13256,19640,3248,13007,54107,255,0,23,60,89,15,59,246,220,35.201488,-76.63797,315,289,1.15,213.100006,30982,32.900002,80.400002,,,50.700001
MICRO,24844,513226,230270,17817,45923,56167,83227,76411,509815,1156,519,40,103,127,187,172,1148,444,35.562801,-78.20388,390,338,0.38,1147.300049,22083,9.5,85.300003,,,52.299999
MIDDLEBURG,27250,44473,2805,0,26842,28232,0,12313,70192,334,21,0,202,212,0,93,528,133,36.3988,-78.323921,161,183,0.57,235,47708,24.6,66.099998,,,36.299999
MIDDLESEX,24896,1128860,313383,121963,82208,248686,284101,81344,1131685,1380,383,149,100,304,347,99,1383,818,35.789768,-78.20343,951,890,1.05,786.5,28500,20.9,70.800003,19,21,44.799999
MIDLAND,55167,1386883,0,0,115840,581721,210747,402246,1310554,440,0,0,37,185,67,128,416,3152,35.24725,-80.522186,3049,3079,9.98,307.799988,61016,6,83,,,47
MIDWAY,58271,1185211,183701,128846,0,251012,74499,282754,920812,253,39,27,0,53,16,60,196,4692,35.974621,-80.217979,4673,4694,7.67,610.200012,54511,4.7,84.199997,,,44.099998
MILLS RIVER,67202,1910260,0,53015,10924,1425922,706567,71041,2267469,276,0,8,2,206,102,10,328,6910,35.38398,-82.586563,6728,6806,22.549999,303.799988,63272,6,93.699997,,,46.599998
MINERAL SPRINGS,52610,303556,0,0,0,156811,13786,110185,280782,112,0,0,0,58,5,41,104,2700,34.973511,-80.675102,2617,2683,8.21,324.299988,54413,8.4,88.5,,,40.299999
MINNESOTT BEACH,63507,214507,0,0,108290,80159,0,0,188449,478,0,0,241,179,0,0,420,449,34.976101,-76.815147,481,476,3.55,126.699997,64263,14.5,93.400002,,,56.400002
MINT HILL,70371,5944275,0,887274,1040761,6274791,3972293,2745842,14920961,255,0,38,45,269,170,118,639,23342,35.180191,-80.664429,22396,22890,24.15,949.799988,69669,7.8,92.099998,477,447,41.299999
MISENHEIMER,70625,454423,0,0,102099,93894,219850,46453,462296,663,0,0,149,137,321,68,675,685,35.481449,-80.286713,812,616,1.63,448.799988,40000,13.2,78,,,21.700001
MOCKSVILLE,47287,6520328,1685262,0,581832,568114,2080164,977707,5893079,1276,330,0,114,111,407,191,1154,5108,35.89632,-80.561928,4997,5034,7.55,670.200012,41810,15,78.400002,,239,37.799999
MOMEYER,51250,67594,0,0,0,55748,0,3896,59644,304,0,0,0,251,0,18,269,222,35.963699,-78.047867,417,393,1.11,202.800003,48438,23.700001,76.699997,,,40.400002
MONROE,43787,125418915,64341364,10761944,5109795,29278308,16333583,12061387,137886381,3773,1936,324,154,881,491,363,4148,33238,34.988762,-80.549789,32840,33101,30.379999,1102.199951,44088,23,73.300003,,2370,32.700001
MONTREAT,46944,1670571,172938,92223,750075,391258,360506,176067,1943067,2428,251,134,1090,569,524,256,2824,688,35.645592,-82.30043,793,743,2.73,265,44948,14.9,94.099998,,,34.900002
MOORESBORO,23977,44689,0,0,0,28764,0,4897,33661,144,0,0,0,92,0,16,108,311,35.299728,-81.700623,422,431,1.77,176,26563,6.7,69.699997,,,41.799999
MOORESVILLE,53177,74808466,21263664,21551161,4258837,9071033,12982812,16951715,86079222,2241,637,645,128,272,389,508,2578,33387,35.584339,-80.820137,31655,32462,20.98,1562.699951,53066,10.7,90.5,1561,1542,34.099998
MOREHEAD CITY,37896,19443777,2941461,1019558,811191,1788157,6779215,1872725,15212307,2207,334,116,92,203,769,213,1727,8810,34.727699,-76.74675,8606,8720,8.52,1264.199951,36512,19.5,91.5,629,566,43.900002
MORGANTON,29301,62493883,42063704,2651853,1374107,1893527,6908659,6694391,61586241,3703,2492,157,81,112,409,397,3649,16878,35.74258,-81.69236,16944,16932,19.15,883.299988,31034,25.200001,75.400002,669,614,41.5
MORRISVILLE,78088,22908316,190068,2091066,4741779,3288545,9351722,3531375,23194555,1180,10,108,244,169,482,182,1195,19406,35.827492,-78.828934,17313,18566,8.31,2249.399902,78771,3.2,97.599998,281,378,33.400002
MOUNT AIRY,34778,18062995,3298022,2614750,1813686,1015840,5524264,4140811,18407373,1734,317,251,174,98,530,398,1768,10414,36.500759,-80.609306,10461,10449,11.79,891.400024,30949,22.6,75.800003,719,588,43.200001
MOUNT GILEAD,23023,1964890,802271,59824,76274,136248,717261,210844,2002722,1672,683,51,65,116,610,179,1704,1175,35.21579,-80.005249,1694,1668,3.35,352.200012,27333,25.299999,69.300003,39,,43.799999
MOUNT HOLLY,53470,17237635,4060464,972453,2030258,1685657,4639989,2451691,15840512,1241,292,70,146,121,334,177,1141,13887,35.295181,-81.019318,13271,13506,9.99,1395.199951,50590,14.5,84.800003,418,362,36
MOUNT OLIVE,31250,7397723,1689833,627892,298407,833054,1104039,741162,5294387,1596,365,135,64,180,238,160,1143,4634,35.195091,-78.067528,4579,4582,2.67,1715.800049,24803,36.099998,67.199997,369,423,35.599998
MOUNT PLEASANT,54545,2561019,657919,334714,96346,262265,700170,190380,2241794,1534,394,201,58,157,420,114,1343,1669,35.403728,-80.435478,1690,1570,3.34,494.799988,53894,7.8,88,,,40.799999
MURFREESBORO,33765,3589307,1040719,467863,171056,458612,1010355,345131,3493736,1200,348,156,57,153,338,115,1168,2990,36.440979,-77.096901,2795,2805,2.29,1266,38430,25.6,88.800003,106,76,34.299999
MURPHY,30578,3889917,1419019,184004,160948,370644,707425,850918,3692958,2409,879,114,100,230,438,527,2287,1615,35.089851,-84.029922,2557,2420,2.64,678.799988,28164,24.4,88.099998,141,133,33.599998
NAGS HEAD,53934,18846273,2179877,5643834,1070943,3400739,4470348,27562478,44328219,6796,786,2035,386,1226,1612,9940,15986,2773,35.931999,-75.615082,2779,2772,6.66,418.899994,55877,12.7,93.400002,,319,42.099998
NAVASSA,37171,1222677,282105,26716,54179,313735,244946,407686,1329367,788,182,17,35,202,158,263,857,1552,34.256851,-78.004822,2163,1660,13.82,112.800003,36587,14.3,78,,,37.5
NEW BERN,35334,120316552,72698966,10013913,3326807,1959577,18390179,6883442,113272884,4004,2419,333,111,65,612,229,3770,30048,35.10907,-77.069107,28740,29420,29.68,1045.900024,37180,23.799999,83.599998,1982,2024,38.200001
NEWLAND,29076,1229327,346003,112257,194196,160694,409087,73022,1295259,1766,497,161,279,231,588,105,1861,696,36.08651,-81.926666,732,703,0.75,933.400024,30278,23.4,81.900002,15,22,35.299999
NEW LONDON,75625,584140,133480,0,50466,109132,13236,59444,365758,964,220,0,83,180,22,98,604,606,35.444859,-80.218719,678,607,1.94,309.5,43162,14.2,89.300003,,,44
NEWPORT,43092,4870003,1519543,420467,444295,607420,1407833,434213,4833771,1149,359,99,105,143,332,102,1141,4238,34.787701,-76.866577,4058,4207,7.74,541,41500,11.9,80.699997,102,,35.700001
NEWTON,34761,34440920,20781639,3676595,1030094,1189588,5428319,2988813,35095048,2655,1602,283,79,92,418,230,2706,12971,35.655079,-81.22435,12994,12991,13.82,941.799988,33321,22.799999,76.400002,624,483,40.599998
NEWTON GROVE,41058,787777,83348,23999,33988,82249,222807,256726,703117,1380,146,42,60,144,390,450,1231,571,35.246769,-78.357033,745,699,3.1,184.600006,42500,19.4,77.800003,,,47
NORLINA,36313,1075286,464360,13652,14403,205023,246698,60929,1005065,967,418,12,13,184,222,55,904,1112,36.444691,-78.194061,1113,873,1.12,1004.799988,30938,32.299999,84.800003,,,45.799999
NORMAN,16750,33195,0,0,3921,29095,0,0,33016,237,0,0,28,208,0,0,236,140,35.170292,-79.722298,130,167,0.57,243.100006,19464,30.5,76.800003,,,30.9
NORTH TOPSAIL BEACH,50815,4409445,0,0,83347,1062059,1482137,1068240,3695783,5935,0,0,112,1429,1995,1438,4974,743,34.476921,-77.46109,1061,1151,10.52,117,57917,9.6,97.400002,4,53,43.599998
NORTHWEST,41648,645973,221953,95510,11357,100670,177636,355,607481,860,296,127,15,134,237,0,809,751,34.309521,-78.152817,665,661,7.01,104.800003,40227,16.299999,81.099998,,,53.200001
NORTH WILKESBORO,22078,9475473,3065655,231957,617741,976416,2254397,2804982,9951148,2218,718,54,145,229,528,657,2329,4272,36.17091,-81.142052,4269,4264,6.59,644.400024,19714,37.299999,66.900002,301,269,39
OAKBORO,52593,2835203,1563921,313059,119238,286017,557417,371409,3211061,1501,828,166,63,151,295,197,1700,1889,35.22916,-80.332443,2065,1902,2.45,757.299988,55688,9.7,80.199997,,,37
OAK CITY,41111,558709,330827,0,50254,117073,27227,3500,528881,1791,1060,0,161,375,87,11,1695,312,35.963089,-77.305473,275,334,0.46,690.599976,41719,15.3,85.400002,,,48.900002
OAK RIDGE,107316,1289169,0,328133,0,365709,0,299710,993552,199,0,51,0,56,0,46,153,6476,36.166939,-79.982567,5987,6202,15.52,402.200012,106625,3.2,96.5,,,42.099998
OCEAN ISLE BEACH,58194,8921257,1910286,362540,348416,643552,1897765,825974,5988533,15818,3387,643,618,1141,3365,1464,10618,564,33.894562,-78.438904,961,728,4.53,162.399994,57411,4.5,96.300003,,86,59.400002
OLD FORT,23636,1224868,293851,87983,235250,187517,212695,60645,1077941,1343,322,96,258,206,233,66,1182,912,35.629539,-82.179176,1147,1320,1.23,743.700012,22188,10.8,74.699997,,,42.099998
ORIENTAL,67000,1462943,245843,0,110254,580246,56099,425759,1418201,1617,272,0,122,641,62,470,1567,905,35.03101,-76.687866,905,861,1.64,640,60391,4.6,94.699997,,,59.900002
ORRUM,14107,22517,0,0,2693,8640,0,4680,16013,245,0,0,29,94,0,51,174,92,34.465019,-79.010071,95,60,0.48,190.300003,30208,35,68.5,,,61.700001
OSSIPEE,29551,264348,77883,0,0,68111,28951,42515,217460,482,142,0,0,124,53,77,396,549,36.168289,-79.514557,500,702,0.62,896,52083,16,88,,,43.5
OXFORD,33939,12610402,3784628,961697,977527,940605,3269561,1941315,11875333,1481,445,113,115,111,384,228,1395,8512,36.311901,-78.590759,8492,8518,6.05,1398.900024,31998,23.6,78.400002,807,685,44.700001
PANTEGO,44688,129082,0,0,43752,87866,0,0,131618,717,0,0,243,488,0,0,731,180,35.585918,-76.659752,185,145,0.8,223,46250,7,85.400002,,,32.299999
PARKTON,53382,507038,200333,3450,50579,132647,159485,33282,579776,1158,457,8,115,303,364,76,1324,438,34.902908,-79.010658,509,557,0.68,642.200012,44083,19.4,79.699997,,,38.900002
PATTERSON SPRINGS,27763,48420,0,0,3056,38234,0,24162,65452,78,0,0,5,61,0,39,105,624,35.230511,-81.517761,570,622,0.91,683.400024,27574,36.200001,78.599998,,,33.799999
PEACHLAND,40278,316410,160515,15547,22690,139870,22471,40311,401404,762,387,37,55,337,54,97,967,415,34.992691,-80.264763,496,606,1.01,433.5,39063,31,75.800003,,,42.299999
PELETIER,45882,113624,0,0,12075,54386,0,4590,71051,173,0,0,18,83,0,7,108,657,34.726841,-77.078362,889,696,3.68,178,43594,27.700001,84.300003,,,40.400002
PEMBROKE,22625,7154375,3783916,530262,234529,409218,1158513,1179700,7296138,2441,1291,181,80,140,395,402,2489,2931,34.68195,-79.195763,2956,2977,2.87,1037.199951,18220,58.799999,79.599998,,,23.1
PIKEVILLE,44509,2096960,1393637,38467,74615,93909,223641,134201,1958470,3172,2108,58,113,142,338,203,2963,661,35.498829,-77.986107,640,663,0.7,963.900024,43688,16.1,83.800003,,,41.900002
PILOT MOUNTAIN,35078,3343490,1062494,148380,259845,429336,623135,86523,2609713,2256,717,100,175,290,420,58,1761,1482,36.384411,-80.469093,1551,1587,2.02,738.5,33988,16.700001,82.099998,104,,38.299999
PINEBLUFF,49397,1531377,254491,116754,317385,126348,710802,134054,1659834,1138,189,87,236,94,528,100,1233,1346,35.106739,-79.470306,1371,1524,2.68,504.399994,49726,9.7,94,20,16,36.900002
PINEHURST,66313,15678616,0,865470,2559436,1933778,5053314,4767362,15179360,1047,0,58,171,129,337,318,1013,14979,35.196049,-79.464111,13469,14000,14.56,939.700012,66436,4.1,96.699997,111,132,60.900002
PINE KNOLL SHORES,61908,6085996,419379,480778,1331609,774080,1447752,857054,5310652,4495,310,355,983,572,1069,633,3922,1354,34.695839,-76.817879,1573,1547,2.54,602.200012,62733,5.6,96.900002,66,44,61.5
PINE LEVEL,28065,1680918,599084,96093,219749,214434,342807,164167,1636334,974,347,56,127,124,199,95,949,1725,35.510181,-78.245888,1745,1765,1.63,1041.699951,34931,20.700001,78.5,,34,37.299999
PINETOPS,26932,4754179,2929174,235814,44249,498802,464625,213011,4385675,3496,2154,173,33,367,342,157,3225,1360,35.790821,-77.638809,1415,1468,1,1369.300049,26361,31.6,76.5,51,53,46.599998
PINEVILLE,34118,23116569,13433834,1023178,622366,698594,6493861,1935330,24207163,2985,1735,132,80,90,839,250,3126,7744,35.085739,-80.888168,7409,7562,6.66,1129.400024,31930,24.4,82.599998,1267,1014,33.599998
PINK HILL,31667,1031516,473859,31437,26784,132118,225648,115191,1005037,1875,862,57,49,240,410,209,1827,550,35.05658,-77.744537,369,429,0.47,1176.199951,33750,24,67,,,46.5
PITTSBORO,40111,5949353,1321427,73681,245839,918763,1387625,1036066,4983401,1535,341,19,63,237,358,267,1286,3875,35.720329,-79.176392,3646,3754,4.17,904.599976,45285,23.9,80.5,80,148,38.400002
PLEASANT GARDEN,62161,388578,0,0,0,590121,0,-201543,388578,86,0,0,0,130,0,-45,86,4529,35.961102,-79.76339,4520,4534,15.39,294,63676,14.9,90.099998,,,45.599998
POLKTON,26219,894498,201657,0,192526,195008,146860,57668,793719,272,61,0,59,59,45,18,242,3286,35.003891,-80.20153,3315,3341,3.18,1060.800049,26921,28.299999,62.099998,,,35
POLKVILLE,43333,95459,18399,0,5069,34139,0,10966,68573,175,34,0,9,63,0,20,126,546,35.41753,-81.642738,635,443,1.86,293.600006,37500,18.700001,82,,,40.799999
POLLOCKSVILLE,41250,539626,206565,64422,31017,76075,44522,156013,578614,1702,652,203,98,240,140,492,1825,317,35.00631,-77.222031,354,311,0.32,1030.900024,29191,18.200001,87.800003,,,37.900002
POWELLSVILLE,30972,273111,91074,0,39497,41421,5031,21782,198805,1012,337,0,146,153,19,81,736,270,36.224949,-76.931679,314,342,0.36,773.799988,33542,6.7,79.5,,,47.400002
PRINCETON,32143,1741943,429035,185329,111417,145930,351092,134414,1357217,1450,357,154,93,122,292,112,1130,1201,35.46524,-78.160423,1068,1250,1.04,1152.300049,32663,26.200001,80.900002,,,38.099998
PROCTORVILLE,59688,71238,11235,0,3057,49005,0,0,63297,609,96,0,26,419,0,0,541,117,37.476059,-79.036507,114,131,0.45,257.799988,57500,0,70.099998,,,52.599998
RAEFORD,27971,7412816,1648709,129057,948182,1227949,1367959,1210041,6531897,1554,346,27,199,257,287,254,1370,4769,34.9818,-79.22747,4554,4643,4.27,1085.099976,24968,35,78.5,358,296,37.200001
RALEIGH,52819,826536839,162054358,113580531,74255335,47713275,156915946,178493396,733012841,2005,393,275,180,116,381,433,1778,412311,35.81884,-78.644592,395091,405007,144,2826.300049,53699,16.299999,90.400002,14966,15559,32
RAMSEUR,32371,2412788,815013,311439,361475,244671,532613,274799,2540010,1418,479,183,212,144,313,161,1492,1702,35.733582,-79.653931,1811,2010,2.22,864.700012,30135,29.799999,68.199997,92,73,37
RANDLEMAN,30685,6647010,1561832,603835,467689,698917,1856892,970318,6159483,1606,377,146,113,169,449,234,1488,4139,35.81546,-79.804543,4051,4094,4.11,1011.299988,33518,28.799999,74.400002,299,358,40
RANLO,45878,2588821,819749,254692,431126,277329,419540,114898,2317334,750,238,74,125,80,122,33,672,3450,35.29039,-81.133728,3311,3398,1.72,2004.300049,45450,9.1,83.400002,,,34.900002
RAYNHAM,43542,27626,0,0,2930,20247,0,3803,26980,291,0,0,31,213,0,40,284,95,34.575031,-79.190231,60,77,0.12,591.599976,45833,0,75.400002,,,45.799999
RED OAK,77500,773851,0,0,0,167149,3000,129104,299253,224,0,0,0,48,1,37,87,3456,36.031368,-77.901733,3358,3404,19.530001,175.699997,68547,1.8,87.099998,,,44.799999
RED SPRINGS,26630,10801079,5795952,226544,523182,855592,1863428,740495,10005193,3148,1689,66,152,249,543,216,2916,3431,34.814362,-79.18428,3433,3438,3.67,979.299988,26587,51.299999,78.300003,327,282,38.299999
REIDSVILLE,33322,22648232,7384267,224230,2698867,1394033,6296921,4454403,22452721,1563,510,15,186,96,435,307,1550,14487,36.345348,-79.675087,14513,14463,16.530001,965,34700,19.6,81.699997,940,866,45.299999
RENNERT,32454,99409,0,0,0,64824,0,0,64824,257,0,0,0,168,0,0,168,387,34.81295,-79.080643,390,349,1.1,347.299988,32727,11.7,70.199997,,,25.799999
RHODHISS,27543,1183686,730000,4570,7870,105003,116216,90030,1053689,1101,679,4,7,98,108,84,980,1075,35.770279,-81.432899,963,1035,1.26,903.700012,28667,37.299999,67.800003,,,33.5
RICHLANDS,40469,1333873,0,20940,629325,438830,346406,0,1435501,851,0,13,402,280,221,0,916,1567,34.898899,-77.547729,1578,1761,1.58,963.299988,45345,10.1,89.599998,29,34,28.200001
RICH SQUARE,26850,881416,282425,30708,199338,133394,190167,5771,841803,919,294,32,208,139,198,6,878,959,36.27327,-77.284126,962,985,3.09,310.5,28400,35.400002,67.800003,,,51.5
RIVER BEND,51800,3005395,963951,306758,274883,406285,667009,163276,2782162,956,307,98,87,129,212,52,885,3144,35.074329,-77.148521,3071,3107,2.75,1243.300049,50586,9.9,96.099998,11,62,55.400002
ROANOKE RAPIDS,37932,15937539,0,2154287,1690634,3073127,4480744,4264823,15663615,1017,0,137,108,196,286,272,1000,15669,36.454529,-77.654823,15793,15783,9.98,1584,35388,19.9,81.099998,926,1009,39
ROBBINS,28646,1752868,666142,83188,225371,239958,483636,127685,1825980,1583,602,75,204,217,437,115,1649,1107,35.430019,-79.580276,1024,1073,1.41,779,28021,29,65.199997,46,36,34.099998
ROBBINSVILLE,22375,1868274,1477539,47623,203739,303668,45657,10500,2088726,3018,2387,77,329,491,74,17,3374,619,35.322819,-83.807793,963,906,0.46,1352.199951,19688,38.599998,71.800003,,,36.5
ROBERSONVILLE,27115,5549649,4661713,0,212084,249869,927204,152292,6203162,3796,3189,0,145,171,634,104,4243,1462,35.805019,-77.252708,1472,1416,1.22,1215.900024,30313,20.799999,66.900002,72,95,52.299999
ROCKINGHAM,28021,15221510,4432996,622158,846332,1544431,3435002,3883674,14764593,1595,465,65,89,162,360,407,1547,9543,34.939529,-79.761238,9541,9524,7.69,1247.199951,30995,28.4,80.800003,1119,1108,39.700001
ROCKWELL,46447,1331431,0,239511,207656,312834,438736,123033,1321770,632,0,114,99,149,208,58,628,2106,35.55307,-80.407967,1872,1858,1.68,1255.800049,48393,12.2,85.699997,54,74,40.200001
ROCKY MOUNT,38080,204967357,124046109,6835120,12172438,3155468,27492890,26093893,199795918,3579,2166,119,213,55,480,456,3488,57275,35.954109,-77.805573,57728,57523,44,1312.599976,37759,23.200001,81.099998,4485,4132,39.400002
ROLESVILLE,67273,4384371,0,112172,229254,1709448,1015297,1086921,4153092,1103,0,28,58,430,255,273,1045,3976,35.92387,-78.461029,3516,3814,3.95,962.5,70298,12.1,84.400002,85,125,33.700001
RONDA,26500,292611,484578,22201,52355,193209,15291,1444457,2212091,700,1159,53,125,462,37,3456,5292,418,36.219749,-80.94249,306,356,1.08,384.700012,24615,27.6,67.699997,,,41.099998
ROPER,18984,586043,189901,5000,89312,160264,57686,71876,574039,977,317,8,149,267,96,120,957,600,35.875881,-76.614906,743,786,0.86,713.400024,24250,37.700001,65.300003,,,44.400002
ROSE HILL,33125,3471977,1738923,141255,171938,181200,324348,184957,2742621,2111,1057,86,105,110,197,112,1667,1645,34.825771,-78.025902,1845,1700,1.44,1132.199951,29813,23.5,72.300003,,60,43.200001
ROSMAN,23158,485222,321626,12450,16484,163821,0,18788,533169,837,555,21,28,282,0,32,919,580,35.14476,-82.822792,661,716,0.51,1134.5,18368,41.5,74.400002,,,40.5
ROWLAND,22545,1466073,338755,82085,215481,243714,488469,147829,1516333,1418,328,79,208,236,472,143,1466,1034,34.535358,-79.292549,1053,981,1.05,985.5,22050,34.799999,71.199997,56,55,44.799999
ROXOBEL,38125,126625,22502,0,29612,41505,7275,22521,123415,541,96,0,127,177,31,96,527,234,36.202709,-77.237556,398,263,1.04,230.100006,38304,29.299999,60.799999,,,51
RURAL HALL,44808,2238854,4524,120387,751722,408300,717941,311772,2314646,752,2,40,253,137,241,105,778,2976,36.232342,-80.293739,2913,2939,2.86,1029.800049,46352,3.8,89.400002,,,44.700001
RUTH,32969,144346,0,0,20015,67280,22313,24828,134436,324,0,0,45,151,50,56,301,446,35.383221,-81.943367,406,338,0.42,1036.800049,40385,11.5,76.300003,,,48.400002
RUTHERFORD COLLEGE,46833,1347935,487415,151502,57873,519483,0,201336,1417609,1004,363,113,43,387,0,150,1056,1343,35.745831,-81.52874,1169,1267,2.26,593,47596,7.6,78.5,,,41.900002
RUTHERFORDTON,55000,4035067,401030,381014,348532,431027,1367422,1172308,4101333,951,95,90,82,102,322,276,967,4243,35.36631,-81.959023,4207,4215,4.13,1019.799988,48259,15.7,82.599998,147,113,45.799999
SAINT HELENA,32361,129116,0,0,13775,118959,34918,39607,207259,325,0,0,35,300,88,100,522,397,34.513222,-77.914833,564,471,5.64,69,43214,6.6,93.400002,,,47.099998
SALEMBURG,39200,576357,219357,0,28120,105542,63447,107279,523745,1322,503,0,64,242,146,246,1201,436,35.01601,-78.504204,619,553,0.98,446,39018,13.4,85.300003,,,53.400002
SALISBURY,35845,68373803,29153790,10735222,5537634,9121412,11692748,5613143,71853949,2029,865,319,164,271,347,167,2132,33704,35.668289,-80.478477,33325,33548,22.139999,1520.300049,35843,25,79.900002,2487,2147,35.400002
SALUDA,55833,1606864,557620,116127,116307,372251,317064,87633,1567002,2276,790,164,165,527,449,124,2220,706,35.237862,-82.34687,642,649,1.56,457,42813,7.7,84.699997,,,58.599998
SANDY CREEK,46250,210530,96900,21954,11586,92961,3915,0,227316,794,366,83,44,351,15,0,858,265,34.287201,-78.153267,286,421,1.26,205.600006,40000,16.6,83.699997,,,32.299999
SANDYFIELD,33571,252473,30313,0,20427,106245,38906,988,196879,565,68,0,46,238,87,2,440,447,34.36618,-78.304703,451,524,3.46,129.699997,34583,14,92.5,,,27.200001
SANFORD,41096,45580701,9391138,2885718,2215920,4347307,12427151,6011235,37278469,1612,332,102,78,154,439,213,1318,28280,35.47588,-79.175461,27503,28081,27.040001,1048.800049,40805,22.1,75.400002,1042,902,33.400002
SARATOGA,50750,1169201,888573,0,1226,87292,7000,129619,1113710,2866,2178,0,3,214,17,318,2730,408,35.653629,-77.776489,461,424,0.64,635.799988,34886,21,74.599998,,,32.700001
SAWMILLS,41713,2707447,478103,75950,528960,824531,0,364249,2271793,518,91,15,101,158,0,70,435,5227,35.818562,-81.479881,5211,5200,6.62,791.799988,40345,19.299999,71.300003,,,39.200001
SCOTLAND NECK,22203,7238615,5486124,68081,601328,343109,474989,286613,7260244,3528,2674,33,293,167,231,140,3538,2052,36.13044,-77.420959,2559,2276,1.19,1733.300049,21354,42.099998,62.599998,125,119,44.700001
SEABOARD,26625,690609,207162,28212,95369,169338,157969,0,658050,1109,333,45,153,272,254,0,1056,623,36.489491,-77.439247,926,836,0.96,656.299988,20750,31.700001,74.5,,,41.299999
SEAGROVE,34688,210430,0,0,15636,71993,112500,27736,227865,923,0,0,69,316,493,122,999,228,35.542171,-79.778107,176,194,1.04,220.100006,36875,17.1,77,,,49.5
SEDALIA,43409,184067,0,10665,13070,77734,1662,50730,153861,293,0,17,21,124,3,81,245,629,36.078411,-79.627441,671,717,2.09,298.399994,41875,6.3,82.5,,,46.200001
SELMA,22717,16014896,9938228,651500,637140,631712,2152127,1917960,15928667,2618,1624,106,104,103,352,313,2604,6118,35.53698,-78.284653,6111,6125,4.85,1252.800049,23183,43.900002,69.099998,479,466,33.400002
SEVEN DEVILS,63929,1435849,103848,165091,366577,362814,465702,2546,1466578,7401,535,851,1890,1870,2401,13,7560,194,36.151958,-81.807297,200,198,2.11,91.5,71250,5.6,98.199997,,,58.5
SEVEN SPRINGS,51250,178766,156858,3633,14910,29337,1718,4426,210882,1611,1413,33,134,264,15,40,1900,111,35.22625,-77.845757,123,89,0.33,328.899994,53750,23,85.699997,,,45.900002
SEVERN,36964,365664,142257,0,94276,107917,10409,0,354859,1339,521,0,345,395,38,0,1300,273,36.513168,-77.188782,312,263,1.01,273,31875,25.1,71.699997,,,58.400002
SHALLOTTE,46343,6936279,2343501,146623,400311,787979,2030584,104952,5813950,1833,619,39,106,208,536,28,1536,3785,33.977032,-78.392517,3523,3642,9.36,395.600006,44181,13,85.699997,229,193,40.799999
SHARPSBURG,29167,9914847,3216688,1096295,374655,213247,556776,2239600,7697261,4911,1593,543,186,106,276,1109,3812,2019,35.866341,-77.830963,2070,1974,1.01,1996.599976,28053,27.299999,82.300003,,,32.599998
SHELBY,33408,58454889,28718714,2185977,3310083,4467756,9512163,4224864,52419557,2873,1412,107,163,220,468,208,2576,20346,35.288269,-81.537788,20377,20331,21.110001,964.299988,31795,27.200001,85.199997,955,1043,40.799999
SILER CITY,33305,9013072,2991901,832892,1032879,751136,2192288,1100475,8901571,1135,377,105,130,95,276,139,1121,7939,35.726028,-79.462959,7869,7967,6.02,1314.199951,34673,16.299999,61,393,370,31.799999
SIMPSON,38516,280361,0,4753,14162,116733,63120,68094,266862,671,0,11,34,279,151,163,638,418,35.575211,-77.278519,344,373,0.37,1117,34861,15.8,71.900002,,,42.200001
SIMS,56143,246207,58542,0,11585,62440,1813,22593,156973,876,208,0,41,222,6,80,559,281,35.760029,-78.058777,432,296,0.17,1614.5,53250,16.6,87.099998,,,33.599998
SMITHFIELD,34781,46179156,22699367,2510717,2574473,1396292,4643568,4280490,38104907,4192,2061,228,234,127,422,389,3459,11016,35.509129,-78.346458,11018,11118,12.13,904.700012,30243,30.1,76.699997,921,864,42.799999
SNOW HILL,30724,2139152,774687,106177,352798,206361,204044,303373,1947440,1334,483,66,220,129,127,189,1215,1603,35.446609,-77.673233,2360,2263,1.55,1029.199951,27895,30.6,75.5,,,46.299999
SOUTHERN PINES,43650,21195384,7873036,1124079,1215914,3571957,5797096,3767466,23349548,1695,630,90,97,286,464,301,1868,12502,35.181889,-79.398277,12244,12439,16.82,741,45376,12,89,559,596,45.200001
SOUTHERN SHORES,77069,5784435,0,0,583208,1079691,1846625,1246307,4755831,2109,0,0,213,394,673,454,1734,2743,36.124451,-75.732613,2683,2707,4.15,687.5,79853,4,95.400002,69,80,53.799999
SPARTA,22778,2311159,944409,40021,56091,464764,472233,474289,2451807,1316,538,23,32,265,269,270,1396,1756,36.505638,-81.121719,1864,1953,2.41,738.099976,24808,28.4,73.5,51,,47.900002
SPEED,35417,27820,0,0,0,15387,0,6441,21828,348,0,0,0,192,0,81,273,80,35.969978,-77.444077,99,98,0.28,282.600006,38750,0,74.099998,,,54.400002
SPENCER,42819,2496242,0,265723,329489,292902,921235,456139,2265488,766,0,82,101,90,283,140,695,3258,35.693668,-80.431908,3292,3277,3.06,1066,37763,31.299999,78.199997,237,199,35.900002
SPINDALE,31189,3542773,660814,182374,235515,237931,1128115,601862,3046611,814,152,42,54,55,259,138,700,4350,35.358349,-81.92527,4294,4302,5.35,808.400024,27165,19.1,79.800003,,,37.799999
SPRING LAKE,34923,10148584,2631305,609330,491704,1445065,3375842,1872693,10425939,852,221,51,41,121,283,157,875,11914,35.177589,-78.975502,11943,12465,23.26,518.799988,35560,24.6,91.199997,627,,23.6
SPRUCE PINE,35714,5194306,1606249,56855,73740,712080,867453,90931,3407308,2382,736,26,34,326,398,42,1562,2181,35.913738,-82.07,2399,2424,3.98,546.700012,28906,25,77.900002,61,73,43.099998
STALEY,27500,118937,0,0,23389,30695,19068,52087,125239,299,0,0,59,77,48,131,315,398,35.794762,-79.551117,505,590,1.16,340,27361,36.299999,63.099998,,,29.299999
STALLINGS,78636,5779881,212827,844178,396646,849474,1826922,3220627,7350674,407,15,59,28,60,129,227,517,14207,35.089321,-80.686813,13177,13638,7.97,1748.800049,79304,5.4,92,252,215,40.799999
STANFIELD,59844,1297702,363704,221089,254750,219352,246441,184848,1490184,863,242,147,169,146,164,123,991,1504,35.232769,-80.430237,1547,1687,4.45,334.100006,62368,4.7,84.900002,,,35.200001
STANLEY,36399,5509620,1701438,598186,499670,437390,960995,1171385,5369064,1537,475,167,139,122,268,327,1498,3585,35.358452,-81.096817,3525,3558,2.7,1325.400024,40714,11.1,78.199997,127,154,42.700001
STANTONSBURG,29479,3855923,3160846,195055,61605,162414,343430,149297,4072647,4937,4047,250,79,208,440,191,5215,781,35.606121,-77.821167,726,641,0.58,1340.400024,28281,25.4,81.699997,,,46.5
STAR,37614,857429,302038,0,152091,149250,257753,66624,927756,980,345,0,174,171,295,76,1060,875,35.398369,-79.783279,1008,948,1.24,707.900024,31528,29.4,75.699997,28,,33.5
STATESVILLE,36317,76230658,46902999,1992706,6510705,3889352,11671267,7278615,78245644,3089,1900,81,264,158,473,295,3170,24680,35.786789,-80.878532,24714,24803,24.370001,1011.5,33998,26.6,81.900002,2134,,38
STEDMAN,56625,955472,311555,56723,127063,158442,233368,35562,922713,918,299,54,122,152,224,34,886,1041,35.01408,-78.697311,1128,1169,2.08,493.899994,54219,8.5,89.300003,,,32
STEM,55833,273809,3300,0,46488,93154,110341,0,253283,557,7,0,94,189,224,0,515,492,36.200531,-78.723602,838,1018,1.51,306.299988,57917,37.900002,61.5,,,29.700001
STOKESDALE,67801,529908,203224,0,3176,94910,84524,82673,468507,102,39,0,1,18,16,16,91,5176,36.23637,-79.982391,4884,5002,19.4,262.299988,69188,13.7,90.199997,,,38.299999
STONEVILLE,33083,1913043,370222,70505,230664,222066,335690,409750,1638897,1812,351,67,218,210,318,388,1552,1056,36.465839,-79.906342,1200,1229,1.29,817.099976,35061,10.4,78.400002,53,,44.299999
STONEWALL,22328,64555,0,0,0,18502,18751,17074,54327,229,0,0,0,66,66,61,193,282,35.137409,-76.747513,298,282,2.01,164.699997,22135,29.299999,78.599998,,,24.200001
STOVALL,40817,413467,163787,27805,18635,125830,35851,44266,416174,987,391,66,44,300,86,106,993,419,36.446899,-78.568977,328,277,1.05,399.399994,40781,26,84.900002,,,40.799999
SUGAR MOUNTAIN,38594,2014716,0,232683,403353,409787,321641,465923,1833387,10227,0,1181,2047,2080,1633,2365,9307,197,36.123291,-81.855179,459,490,2.45,80.699997,40833,15.9,95.099998,,,43.299999
SUMMERFIELD,96538,1497274,0,492494,0,423883,35835,604692,1556904,143,0,47,0,40,3,58,148,10487,36.19912,-79.885857,9911,10160,26.85,385.299988,102468,4.1,93.400002,,,42.599998
SURF CITY,58477,14814077,4654365,3243040,316464,1227108,2462286,1964380,13867643,7801,2451,1708,167,646,1297,1034,7303,1899,34.428139,-77.543198,2059,2259,9.54,255.100006,60972,8.1,95.599998,170,124,39
SWANSBORO,45809,3747543,0,123776,347115,684687,1255401,1195738,3606717,1386,0,46,128,253,464,442,1334,2704,34.693329,-77.127327,2517,2637,2.24,1273.5,48722,14.8,92.900002,109,126,40.200001
SWEPSONVILLE,65952,1070388,657175,0,0,134524,5585,19835,817119,922,566,0,0,116,5,17,704,1161,36.026741,-79.354851,1254,1138,1.49,821.400024,64545,1.6,90.900002,,,46.700001
SYLVA,32070,3486859,9578,238636,519584,477598,1872391,196362,3314149,1290,4,88,192,177,693,73,1227,2702,35.374199,-83.21769,2573,2627,3.19,811,29600,19.6,75.599998,217,206,38.700001
TABOR CITY,23077,5316540,1103947,154608,428741,456276,976701,1509251,4629524,1340,278,39,108,115,246,380,1167,3968,34.148621,-78.87207,2226,3385,3.17,790.900024,21609,31.700001,74.300003,211,183,48.400002
TARBORO,32299,42998583,31876494,0,1604600,2781330,4078758,1390637,41731819,3796,2814,0,142,246,360,123,3684,11327,35.902851,-77.545959,11390,11401,11.17,1025.300049,33168,19.6,78.099998,561,485,40.900002
TAR HEEL,80000,53988,0,0,11798,29266,0,2160,43224,458,0,0,100,248,0,18,366,118,34.732349,-78.792282,85,101,0.17,679.400024,83333,16.799999,86.300003,,,39.599998
TAYLORSVILLE,28289,3891261,1391091,434174,409100,288229,996618,23969,3543181,1833,655,205,193,136,469,11,1669,2123,35.91787,-81.174561,2426,2253,2.37,886.099976,28051,28,74.199997,202,178,34.299999
TAYLORTOWN,40179,780175,177004,0,31951,220418,198675,38011,666059,1076,244,0,44,304,274,52,919,725,35.216259,-79.495537,1018,1012,1.33,544.200012,36250,20.799999,85.599998,,,38.900002
TEACHEY,24167,398801,145623,30878,10983,110980,18000,49360,365824,1047,382,81,29,291,47,130,960,381,34.769291,-78.006943,327,384,0.93,405.200012,27768,13.3,79.300003,,,32.5
THOMASVILLE,34796,32223160,6003766,5435651,2023806,3373925,9855591,4908106,31600845,1202,224,203,76,126,368,183,1179,26800,35.885849,-80.077316,26507,26760,16.780001,1595.800049,34253,29.200001,75.199997,1396,1479,33.700001
TOBACCOVILLE,50169,609955,0,42739,32488,192934,0,253155,521316,248,0,17,13,78,0,103,212,2462,36.230499,-80.363258,2520,2663,7.68,319.100006,53070,10.7,91.099998,,,40.099998
TOPSAIL BEACH,47574,7083075,852838,281338,95039,381326,669901,3755056,6035498,18939,2280,752,254,1020,1791,10040,16138,374,34.370399,-77.625763,411,366,5.88,83.699997,48988,9.8,97,,,57.799999
TRENTON,22917,240312,118962,7929,23253,44769,10000,5524,210437,820,406,27,79,153,34,19,718,293,35.063671,-77.356071,373,345,0.22,1331.400024,14815,29.799999,87.5,,,44.200001
TRENT WOODS,93442,2243075,0,637722,148965,282330,535572,438385,2042974,536,0,152,36,67,128,105,488,4188,35.083401,-77.091507,4139,4165,3.43,1408,87614,0.4,98.800003,59,94,51.799999
TRINITY,41434,5300240,396246,359919,258395,528720,69459,608964,2221703,797,60,54,39,79,10,92,334,6652,35.87352,-80.010147,6631,6639,17.049999,392.100006,45112,13.9,81.900002,,,46
TROUTMAN,44615,4342618,1082113,416412,501748,632902,1054016,326324,4013515,1760,438,169,203,256,427,132,1626,2468,35.703152,-80.892258,2322,2498,5.39,444.700012,44289,5.3,86.800003,85,100,35.5
TROY,23494,4941071,1234927,271678,301395,698890,731476,1125738,4364104,1459,365,80,89,206,216,332,1289,3386,35.36042,-79.896423,3207,3395,3.63,887.799988,22170,36.5,74.599998,178,126,36.900002
TRYON,40699,4560187,1282919,305575,498836,502132,1091663,805407,4486532,2769,779,186,303,305,663,489,2724,1647,35.208912,-82.238983,1858,1680,2,823.299988,43629,12.6,88.699997,60,73,57.099998
TURKEY,42708,171929,36088,0,18134,61077,0,28936,144235,583,122,0,61,207,0,98,489,295,34.99295,-78.184242,418,395,0.4,736.5,51250,2,61.299999,,,41.700001
UNIONVILLE,64699,407652,0,0,0,267487,0,9011,276498,68,0,0,0,44,0,1,46,6021,35.073238,-80.52092,5930,6020,27.200001,219.899994,63951,2.9,92.199997,,,39.599998
VALDESE,38032,8669188,3582449,600532,261528,715919,1447776,1153483,7761687,1935,800,134,58,160,323,257,1733,4480,35.743271,-81.558662,4514,4507,7.73,582,38333,12.9,85.5,72,73,43.900002
VANCEBORO,37500,1105398,266446,559478,70724,318194,168378,128287,1511507,1086,262,550,69,313,165,126,1485,1018,35.303879,-77.152344,953,830,1.71,586.299988,40156,23.1,82.400002,,,41.5
VANDEMERE,27222,290950,0,6064,33158,50041,0,37849,127112,1145,0,24,131,197,0,149,500,254,35.183788,-76.668007,315,277,1.63,166.899994,35833,4.7,85.599998,,,40
VARNAMTOWN,45938,173731,0,0,14953,61010,200,181889,258052,314,0,0,27,110,0,329,467,553,33.944172,-78.23101,533,565,0.97,596.599976,46944,16.4,79.699997,,,46
VASS,26167,599672,0,35232,81433,114975,276635,115569,623844,827,0,49,112,159,382,159,860,725,35.256451,-79.280968,561,491,3.3,219.600006,26076,28.1,70.5,29,34,46.900002
WACO,31528,64227,0,0,13307,24723,0,16114,54144,200,0,0,41,77,0,50,169,321,35.36203,-81.429123,252,295,0.79,408.399994,30156,30.799999,78.099998,,,34.900002
WADE,29107,331951,82090,24110,74339,92397,36881,10067,319884,589,146,43,132,164,65,18,567,564,35.16177,-78.732979,408,523,1.79,311.399994,32778,30.200001,80.599998,,,35
WADESBORO,32550,6044449,2074988,109667,517534,644727,2258771,518800,6124487,1082,372,20,93,115,405,93,1097,5584,34.968102,-80.071487,5832,5795,6.32,921.5,30581,27.9,81.199997,542,513,38.400002
WAGRAM,34000,631639,181148,31975,105820,71366,126340,47259,563908,761,218,39,127,86,152,57,679,830,34.888039,-79.364052,772,843,1.46,576.5,28625,28.1,78,,,40.299999
WAKE FOREST,72155,54449165,15888366,3411725,6092848,6908527,11360715,8524445,52186626,1752,511,110,196,222,365,274,1679,31086,35.973289,-78.518791,28132,29889,15.22,1995.199951,74221,8.3,95.099998,770,730,34
WALKERTOWN,51396,3243030,0,224128,151374,282411,659996,1982407,3300317,690,0,48,32,60,140,422,702,4703,36.159161,-80.167664,4633,4679,6.61,709.700012,46369,11.2,84,,,44.200001
WALLACE,30337,6646546,1480181,582973,991195,750093,1156355,929985,5890782,1695,377,149,253,191,295,237,1502,3922,34.737251,-77.994629,3901,3970,3.07,1265.5,31442,17.4,64,197,204,34.299999
WALLBURG,65000,1437860,0,0,0,316564,63711,864480,1244755,471,0,0,0,104,21,283,407,3055,36.010139,-80.139214,3022,3048,5.58,546.5,60729,6.9,86,,,44
WALNUT COVE,30917,1710074,547838,135025,84964,267484,418899,137752,1591962,1198,384,95,60,187,294,97,1116,1427,36.29623,-80.141151,1452,1551,2.44,591.5,31100,25.6,71.300003,43,,46.200001
WALNUT CREEK,131875,1563108,590067,178456,1950,617640,222389,268629,1879131,1852,699,211,2,732,263,318,2226,844,35.309361,-77.867523,943,922,1.88,531.400024,121250,1,98.099998,,,50.700001
WALSTONBURG,53125,480594,316121,0,24884,63925,8000,15141,428071,2185,1437,0,113,291,36,69,1946,220,35.595188,-77.697723,282,369,0.41,538.200012,61250,10.3,80.5,,,37.5
WARRENTON,38487,2332800,1230613,173205,145856,155808,485520,90845,2281847,2732,1441,203,171,182,569,106,2672,854,36.400261,-78.156807,1206,1354,0.97,884.799988,34088,15.6,86.199997,32,34,48.799999
WARSAW,23564,4126548,753017,250245,545056,348910,960714,812767,3670709,1344,245,81,177,114,313,265,1195,3071,34.999519,-78.092422,3078,3083,3.05,1000.299988,21838,35.900002,72.300003,193,181,35.700001
WASHINGTON,26352,60231662,36089018,801147,1871670,3906310,5887998,5369223,53925366,6184,3705,82,192,401,605,551,5536,9740,35.55349,-77.052048,9719,9731,9.02,1190,28750,30.1,77.199997,753,804,44.200001
WASHINGTON PARK,64688,313173,0,0,66683,140043,33155,112889,352770,694,0,0,148,311,74,250,782,451,35.533508,-77.032341,589,470,0.26,1707.699951,63897,5.3,99.400002,,,42.299999
WATHA,33125,53740,0,1133,15033,48625,0,0,64791,277,0,6,77,251,0,0,334,194,34.64246,-77.962563,270,286,1.27,149.199997,36250,26.200001,75.699997,,,43.400002
WAXHAW,73188,7521622,0,0,1281208,1132388,1620578,1580405,5614579,730,0,0,124,110,157,153,545,10306,34.9282,-80.744827,9322,9743,11.66,854,76332,6.4,94.400002,215,307,33.5
WAYNESVILLE,37222,23631192,10439753,2083265,2403878,2388449,4094876,2289666,23699887,2382,1052,210,242,241,413,231,2389,9922,35.483231,-82.994507,9915,9864,8.92,1105.900024,36421,18.299999,79.5,452,447,46.799999
WEAVERVILLE,53846,7076706,1310852,880192,487083,705657,2724937,610552,6719273,1902,352,237,131,190,732,164,1806,3721,35.695808,-82.558441,3353,3480,3.44,908.400024,53421,6.3,94.900002,232,231,45.200001
WEBSTER,43125,78664,0,74894,69145,32029,25468,0,201536,216,0,205,189,88,70,0,552,365,35.345261,-83.213463,503,386,1,364.399994,72625,24.6,93.800003,,,38
WELDON,35091,4190362,1112405,141763,604423,517758,1088619,101131,3566099,2543,675,86,367,314,661,61,2164,1648,36.426571,-77.601601,1670,1813,2.84,582,37311,21.4,75,,79,47.5
WENDELL,35864,4620080,0,180371,506616,830207,1198430,1703184,4418807,774,0,30,85,139,201,285,741,5967,35.78212,-78.368187,5751,5892,5.22,1123.099976,38401,17.299999,87.400002,136,,40.200001
WENTWORTH,39798,602855,0,125327,0,215447,96198,74319,511291,215,0,45,0,77,34,26,182,2805,36.401581,-79.743561,2786,2796,14.25,197.899994,52279,10.8,74.300003,,,41.599998
WESLEY CHAPEL,103333,1011653,0,0,0,274536,42345,442113,758994,131,0,0,0,35,5,57,98,7745,35.010029,-80.679161,7083,7462,9.57,787.400024,96073,1.9,94.099998,,,37.799999
WEST JEFFERSON,24034,3072987,838110,269373,453154,484300,574307,307185,2926429,2337,637,205,345,368,437,234,2225,1315,36.39518,-81.491737,1442,1391,2.08,623.599976,21992,40.200001,71.699997,68,99,32.700001
WHISPERING PINES,67572,2609017,0,61288,277790,432800,898648,746833,2417359,871,0,20,93,145,300,249,807,2994,35.255581,-79.370888,2850,2919,4.02,862.400024,76875,1.4,97.5,14,29,51.099998
WHITAKERS,25417,943287,345986,43573,85366,166714,222146,78865,942650,1278,469,59,116,226,301,107,1277,738,36.105949,-77.713577,737,875,0.82,906.700012,27212,17.700001,80.800003,23,34,33.799999
WHITE LAKE,50250,2550144,578248,147072,153115,333561,624170,277967,2114133,3129,710,180,188,409,766,341,2594,815,34.63221,-78.498154,624,757,2.62,815.200012,45714,9.5,84,75,,50.400002
WHITEVILLE,26586,7815183,1905623,479792,413806,420399,2289874,2106417,7615911,1462,356,90,77,79,428,394,1424,5347,34.330101,-78.704536,5293,5347,5.46,987.400024,25473,40.900002,73.400002,605,569,41.700001
WHITSETT,48594,465723,0,0,0,61740,1778,33387,96905,778,0,0,0,103,3,56,162,599,36.07967,-79.566757,622,706,2.66,224.199997,46250,10.5,83,,,46.299999
WILKESBORO,36667,10976313,3656924,1008991,542495,2605081,1983814,519418,10316723,3202,1067,294,158,760,579,152,3010,3428,36.14249,-81.162537,3392,3417,5.9,578.900024,31716,35.099998,77.099998,412,425,42.400002
WILLIAMSTON,22392,9869738,2146816,843588,633432,431330,2549155,2343035,8947356,1818,396,155,117,79,470,432,1648,5428,35.85146,-77.062592,5488,5484,3.84,1433.699951,27036,34.599998,77.800003,544,615,46.299999
WILMINGTON,39764,132084232,10783401,21054786,19172484,16340074,44561663,28709526,140621934,1219,100,194,177,151,411,265,1298,108333,34.223228,-77.912117,105900,107116,53,2067.800049,41428,22.9,88.400002,6370,6528,33.900002
WILSON,36539,237781447,183109568,23385453,6085778,3972636,21758837,14916675,253228947,4841,3728,476,124,81,443,304,5155,49119,35.731091,-77.923508,48681,49086,29.59,1710.300049,36469,26,78.400002,2456,2583,37.299999
WINDSOR,35250,8211659,4847898,181254,283411,487078,830038,1075433,7705112,2297,1356,51,79,136,232,301,2155,3575,35.99815,-76.948967,3523,3579,2.83,1281.300049,31190,26.700001,68.099998,73,,38.099998
WINFALL,37105,760615,129742,76337,110317,235931,80884,36009,669220,1274,217,128,185,395,135,60,1121,597,36.21455,-76.456757,766,672,2.29,260.200012,50066,12.9,88.099998,,,54
WINGATE,41774,2371333,1527834,74449,123045,182847,588953,247088,2744216,667,430,21,35,51,166,69,772,3556,34.98502,-80.44725,3472,3536,1.99,1754.900024,42888,18.9,84.199997,104,130,22.700001
WINSTON-SALEM,41228,355478666,86940652,77040595,35971728,26812580,98819258,73271211,398856024,1531,375,332,155,116,426,316,1718,232143,36.10276,-80.26049,227691,230030,133.699997,1733.599976,40869,22,85.5,15439,15257,34.400002
WINTERVILLE,56926,15294880,7673041,922289,600556,2530752,1678150,939735,14344523,1637,821,99,64,271,180,101,1535,9344,35.52993,-77.400017,8836,9117,4.6,2015.699951,62923,11.6,90.099998,202,125,33.799999
WINTON,28235,1007956,382385,64177,142057,137625,34299,21698,782241,1351,513,86,190,184,46,29,1049,746,36.390018,-76.935783,766,853,0.86,940.700012,22875,41.200001,74,,,43.900002
WOODFIN,40526,2806944,0,50331,228795,582068,1202854,491403,2555451,448,0,8,37,93,192,78,408,6266,35.636372,-82.582489,6017,6044,9.2,696.700012,37301,24,82.400002,131,127,37.799999
WOODLAND,28646,694168,161450,31098,129998,82830,148128,0,553504,872,203,39,163,104,186,0,695,796,36.329048,-77.217247,1154,1170,1.25,646.400024,23438,34.5,62.599998,,,42.200001
WRIGHTSVILLE BEACH,72656,11860690,1665720,873002,583599,1761120,4579715,1670253,11133409,4756,668,350,234,706,1836,670,4464,2494,34.211189,-77.798637,2519,2504,2.28,1773.400024,72667,24,98.699997,213,217,34.200001
YADKINVILLE,32188,4357291,2251111,69217,282996,460430,938379,259518,4261651,1466,757,23,95,155,316,87,1433,2973,36.132702,-80.660873,2937,2958,2.79,1064.300049,32663,34.599998,75.599998,161,142,36.900002
YANCEYVILLE,13084,3261550,930031,618549,44852,363714,119992,803656,2880794,1609,459,305,22,179,59,396,1421,2027,36.40704,-79.341553,2263,2094,5.56,369.200012,13505,51.5,60.599998,,,39.400002
YOUNGSVILLE,35455,1799493,345108,40792,112908,202362,647699,203335,1552204,1538,295,35,97,173,554,174,1327,1170,36.025311,-78.477089,1206,1286,1.62,715.400024,35583,8.7,84.699997,23,35,31.9
ZEBULON,45625,8052703,128188,2247455,1185017,1376590,3107475,1934600,9979325,1792,29,500,264,306,692,431,2221,4493,35.82552,-78.316673,4446,4489,4.16,1071.400024,50786,20.700001,72.699997,317,,43.299999
